playerId,shirtNo,name,position,height,weight,age,isFirstEleven,isManOfTheMatch,field,stats,subbedInPlayerId,subbedOutPeriod,subbedOutExpandedMinute,subbedInPeriod,subbedInExpandedMinute,subbedOutPlayerId,teamId
73798,1,Thibaut Courtois,GK,200,96,33,True,False,home,"{'totalSaves': {'40': 1.0}, 'parriedDanger': {'40': 1.0}, 'possession': {'0': 1.0, '8': 1.0, '13': 1.0, '14': 1.0, '16': 1.0, '17': 1.0, '19': 1.0, '22': 1.0, '24': 1.0, '28': 1.0, '38': 1.0, '40': 1.0, '42': 1.0, '47': 2.0, '48': 1.0, '54': 1.0, '77': 1.0, '89': 1.0, '91': 1.0}, 'ratings': {'0': 6.0, '8': 6.0, '13': 6.0, '14': 5.99, '16': 6.0, '17': 6.0, '19': 6.0, '22': 6.01, '24': 6.01, '28': 6.02, '38': 6.02, '40': 6.39, '42': 6.4, '47': 6.4, '48': 6.46, '54': 6.47, '70': 6.52, '74': 6.12, '77': 6.11, '82': 6.16, '89': 6.16, '91': 6.14}, 'touches': {'0': 1.0, '8': 1.0, '13': 1.0, '14': 1.0, '16': 1.0, '17': 1.0, '19': 1.0, '22': 1.0, '24': 1.0, '28': 1.0, '38': 1.0, '40': 2.0, '42': 1.0, '47': 2.0, '48': 1.0, '54': 1.0, '77': 1.0, '89': 1.0, '91': 1.0}, 'passesTotal': {'0': 1.0, '8': 1.0, '13': 1.0, '16': 1.0, '17': 1.0, '19': 1.0, '24': 1.0, '40': 1.0, '42': 1.0, '47': 2.0, '48': 1.0, '54': 1.0, '89': 1.0, '14': 1.0, '77': 1.0, '91': 1.0}, 'passesAccurate': {'0': 1.0, '8': 1.0, '13': 1.0, '16': 1.0, '17': 1.0, '19': 1.0, '24': 1.0, '40': 1.0, '42': 1.0, '47': 2.0, '48': 1.0, '54': 1.0, '89': 1.0}, 'passSuccess': {'0': 100.0, '8': 100.0, '13': 100.0, '16': 100.0, '17': 100.0, '19': 100.0, '24': 100.0, '40': 100.0, '42': 100.0, '47': 100.0, '48': 100.0, '54': 100.0, '89': 100.0, '14': 0.0, '77': 0.0, '91': 0.0}}",,,,,,,52
344644,8,Federico Valverde,DR,182,78,27,True,False,home,"{'possession': {'0': 1.0, '1': 3.0, '2': 2.0, '3': 1.0, '4': 3.0, '5': 3.0, '7': 1.0, '8': 1.0, '9': 1.0, '10': 2.0, '11': 2.0, '14': 2.0, '16': 1.0, '17': 1.0, '19': 1.0, '21': 2.0, '24': 1.0, '25': 1.0, '26': 1.0, '28': 3.0, '29': 1.0, '35': 1.0, '41': 1.0, '44': 1.0, '47': 1.0, '50': 1.0, '52': 1.0, '54': 1.0, '55': 3.0, '56': 3.0, '57': 2.0, '60': 2.0, '62': 1.0, '63': 1.0, '64': 5.0, '67': 1.0, '68': 2.0, '71': 1.0, '73': 1.0, '75': 1.0, '80': 2.0, '81': 1.0, '85': 1.0, '86': 1.0, '89': 1.0, '90': 2.0, '92': 1.0}, 'ratings': {'0': 6.01, '1': 6.02, '2': 6.02, '3': 6.02, '4': 6.03, '5': 6.04, '7': 6.04, '8': 6.05, '9': 6.05, '10': 6.06, '11': 6.06, '14': 6.06, '16': 6.06, '17': 6.06, '19': 6.06, '21': 6.15, '24': 6.16, '25': 6.16, '26': 6.17, '27': 6.15, '28': 6.16, '29': 6.15, '35': 6.15, '41': 6.14, '44': 6.14, '47': 6.15, '48': 6.23, '50': 6.34, '52': 6.34, '54': 6.34, '55': 6.35, '56': 6.35, '57': 6.34, '60': 6.49, '61': 6.57, '62': 6.57, '63': 6.75, '64': 6.76, '67': 6.76, '68': 6.76, '70': 6.84, '71': 6.84, '73': 7.11, '74': 6.94, '75': 6.95, '80': 6.94, '81': 6.94, '82': 7.03, '85': 7.03, '86': 7.11, '87': 7.24, '89': 7.24, '90': 7.26, '92': 7.39, '95': 7.48}, 'shotsTotal': {'8': 1.0, '95': 1.0}, 'shotsOffTarget': {'95': 1.0}, 'shotsBlocked': {'8': 1.0}, 'interceptions': {'50': 1.0, '95': 1.0}, 'touches': {'0': 1.0, '1': 3.0, '2': 2.0, '3': 1.0, '4': 3.0, '5': 3.0, '7': 1.0, '8': 2.0, '9': 1.0, '10': 2.0, '11': 2.0, '14': 2.0, '16': 1.0, '17': 1.0, '19': 1.0, '21': 2.0, '24': 1.0, '25': 1.0, '26': 1.0, '28': 3.0, '29': 1.0, '35': 1.0, '38': 1.0, '39': 1.0, '41': 1.0, '44': 1.0, '47': 1.0, '50': 2.0, '52': 1.0, '53': 1.0, '54': 1.0, '55': 3.0, '56': 4.0, '57': 2.0, '60': 3.0, '61': 1.0, '62': 1.0, '63': 2.0, '64': 5.0, '67': 3.0, '68': 2.0, '71': 1.0, '73': 2.0, '75': 1.0, '80': 2.0, '81': 1.0, '85': 1.0, '86': 2.0, '87': 1.0, '89': 1.0, '90': 2.0, '92': 2.0, '95': 3.0}, 'passesTotal': {'0': 1.0, '1': 3.0, '2': 2.0, '3': 1.0, '4': 3.0, '5': 3.0, '7': 1.0, '8': 1.0, '9': 1.0, '10': 2.0, '11': 2.0, '14': 2.0, '16': 1.0, '17': 1.0, '19': 1.0, '21': 2.0, '24': 1.0, '25': 1.0, '26': 1.0, '28': 3.0, '35': 1.0, '44': 1.0, '47': 1.0, '50': 1.0, '52': 1.0, '54': 1.0, '55': 3.0, '56': 2.0, '57': 1.0, '60': 2.0, '62': 1.0, '63': 1.0, '64': 5.0, '68': 2.0, '71': 1.0, '75': 1.0, '80': 2.0, '81': 1.0, '85': 1.0, '89': 1.0, '90': 2.0, '92': 1.0, '29': 1.0, '67': 1.0, '86': 1.0}, 'passesAccurate': {'0': 1.0, '1': 3.0, '2': 2.0, '3': 1.0, '4': 3.0, '5': 3.0, '7': 1.0, '8': 1.0, '9': 1.0, '10': 2.0, '11': 2.0, '14': 1.0, '16': 1.0, '17': 1.0, '19': 1.0, '21': 2.0, '24': 1.0, '25': 1.0, '26': 1.0, '28': 3.0, '35': 1.0, '44': 1.0, '47': 1.0, '50': 1.0, '52': 1.0, '54': 1.0, '55': 3.0, '56': 2.0, '57': 1.0, '60': 2.0, '62': 1.0, '63': 1.0, '64': 5.0, '68': 2.0, '71': 1.0, '75': 1.0, '80': 1.0, '81': 1.0, '85': 1.0, '89': 1.0, '90': 2.0, '92': 1.0}, 'passesKey': {'21': 1.0, '73': 1.0}, 'passSuccess': {'0': 100.0, '1': 100.0, '2': 100.0, '3': 100.0, '4': 100.0, '5': 100.0, '7': 100.0, '8': 100.0, '9': 100.0, '10': 100.0, '11': 100.0, '14': 50.0, '16': 100.0, '17': 100.0, '19': 100.0, '21': 100.0, '24': 100.0, '25': 100.0, '26': 100.0, '28': 100.0, '35': 100.0, '44': 100.0, '47': 100.0, '50': 100.0, '52': 100.0, '54': 100.0, '55': 100.0, '56': 100.0, '57': 100.0, '60': 100.0, '62': 100.0, '63': 100.0, '64': 100.0, '68': 100.0, '71': 100.0, '75': 100.0, '80': 50.0, '81': 100.0, '85': 100.0, '89': 100.0, '90': 100.0, '92': 100.0, '29': 0.0, '67': 0.0, '86': 0.0}, 'throwInsTotal': {'38': 1.0, '39': 1.0, '56': 1.0, '67': 1.0, '73': 1.0}, 'throwInsAccurate': {'38': 1.0, '39': 1.0, '56': 1.0, '67': 1.0, '73': 1.0}, 'foulsCommited': {'27': 1.0}, 'tacklesTotal': {'60': 1.0, '87': 1.0, '92': 1.0, '86': 1.0}, 'tackleSuccessful': {'60': 1.0, '87': 1.0, '92': 1.0, '86': 1.0}, 'tackleSuccess': {'60': 100.0, '87': 100.0, '92': 100.0, '86': 100.0}, 'dribblesWon': {'63': 1.0}, 'dribblesAttempted': {'63': 1.0}, 'dribbleSuccess': {'63': 100.0}}",,,,,,,52
337879,3,Eder Militao,DC,186,78,27,True,False,home,"{'possession': {'1': 6.0, '2': 2.0, '3': 1.0, '4': 3.0, '5': 2.0, '6': 1.0, '7': 1.0, '8': 2.0, '9': 2.0, '11': 1.0, '13': 1.0, '14': 1.0, '16': 1.0, '17': 2.0, '20': 1.0, '23': 1.0, '24': 2.0, '25': 1.0, '28': 2.0, '31': 1.0, '32': 1.0, '33': 1.0, '34': 1.0, '38': 2.0, '39': 1.0, '41': 2.0, '42': 1.0, '44': 1.0, '47': 3.0, '48': 2.0, '52': 1.0, '55': 1.0, '56': 1.0, '57': 1.0, '60': 2.0, '62': 1.0, '64': 3.0, '68': 2.0, '75': 1.0, '77': 1.0, '85': 1.0, '87': 1.0, '88': 1.0, '89': 1.0, '93': 1.0}, 'ratings': {'0': 6.0, '1': 6.01, '2': 6.02, '3': 6.02, '4': 6.02, '5': 6.03, '6': 6.17, '7': 6.17, '8': 6.17, '9': 6.18, '11': 6.18, '13': 6.19, '14': 6.17, '15': 6.16, '16': 6.16, '17': 6.16, '20': 6.17, '23': 6.17, '24': 6.17, '25': 6.18, '28': 6.18, '29': 6.26, '30': 6.31, '31': 6.3, '32': 6.29, '33': 6.29, '34': 6.29, '38': 6.29, '39': 6.3, '40': 6.33, '41': 6.33, '42': 6.34, '44': 6.34, '47': 6.34, '48': 6.43, '52': 6.43, '55': 6.43, '56': 6.43, '57': 6.44, '60': 6.42, '62': 6.43, '64': 6.43, '68': 6.42, '70': 6.49, '71': 6.54, '74': 6.34, '75': 6.39, '77': 6.39, '82': 6.46, '85': 6.46, '87': 6.46, '88': 6.46, '89': 6.46, '93': 6.47}, 'clearances': {'30': 1.0, '71': 1.0, '75': 1.0}, 'touches': {'1': 6.0, '2': 2.0, '3': 1.0, '4': 3.0, '5': 2.0, '6': 2.0, '7': 2.0, '8': 2.0, '9': 2.0, '11': 1.0, '13': 1.0, '14': 2.0, '16': 1.0, '17': 2.0, '20': 1.0, '23': 1.0, '24': 2.0, '25': 1.0, '28': 2.0, '29': 1.0, '30': 1.0, '31': 1.0, '32': 1.0, '33': 1.0, '34': 1.0, '38': 2.0, '39': 1.0, '40': 1.0, '41': 2.0, '42': 1.0, '44': 1.0, '47': 3.0, '48': 2.0, '52': 1.0, '55': 1.0, '56': 1.0, '57': 1.0, '60': 2.0, '62': 1.0, '64': 3.0, '68': 3.0, '71': 1.0, '75': 3.0, '77': 1.0, '85': 1.0, '87': 1.0, '88': 1.0, '89': 1.0, '93': 1.0}, 'passesTotal': {'1': 6.0, '2': 2.0, '3': 1.0, '4': 3.0, '5': 2.0, '6': 1.0, '7': 1.0, '8': 2.0, '9': 2.0, '11': 1.0, '13': 1.0, '16': 1.0, '17': 2.0, '20': 1.0, '23': 1.0, '24': 2.0, '25': 1.0, '28': 2.0, '34': 1.0, '38': 2.0, '39': 1.0, '41': 2.0, '42': 1.0, '44': 1.0, '47': 3.0, '48': 2.0, '52': 1.0, '55': 1.0, '56': 1.0, '57': 1.0, '60': 2.0, '62': 1.0, '64': 3.0, '68': 2.0, '75': 1.0, '77': 1.0, '85': 1.0, '87': 1.0, '88': 1.0, '89': 1.0, '93': 1.0, '14': 1.0, '31': 1.0, '32': 1.0, '33': 1.0}, 'passesAccurate': {'1': 6.0, '2': 2.0, '3': 1.0, '4': 3.0, '5': 2.0, '6': 1.0, '7': 1.0, '8': 2.0, '9': 2.0, '11': 1.0, '13': 1.0, '16': 1.0, '17': 2.0, '20': 1.0, '23': 1.0, '24': 2.0, '25': 1.0, '28': 2.0, '34': 1.0, '38': 2.0, '39': 1.0, '41': 2.0, '42': 1.0, '44': 1.0, '47': 3.0, '48': 2.0, '52': 1.0, '55': 1.0, '56': 1.0, '57': 1.0, '60': 1.0, '62': 1.0, '64': 3.0, '68': 2.0, '75': 1.0, '77': 1.0, '85': 1.0, '87': 1.0, '88': 1.0, '89': 1.0, '93': 1.0}, 'passSuccess': {'1': 100.0, '2': 100.0, '3': 100.0, '4': 100.0, '5': 100.0, '6': 100.0, '7': 100.0, '8': 100.0, '9': 100.0, '11': 100.0, '13': 100.0, '16': 100.0, '17': 100.0, '20': 100.0, '23': 100.0, '24': 100.0, '25': 100.0, '28': 100.0, '34': 100.0, '38': 100.0, '39': 100.0, '41': 100.0, '42': 100.0, '44': 100.0, '47': 100.0, '48': 100.0, '52': 100.0, '55': 100.0, '56': 100.0, '57': 100.0, '60': 50.0, '62': 100.0, '64': 100.0, '68': 100.0, '75': 100.0, '77': 100.0, '85': 100.0, '87': 100.0, '88': 100.0, '89': 100.0, '93': 100.0, '14': 0.0, '31': 0.0, '32': 0.0, '33': 0.0}, 'aerialsTotal': {'15': 1.0, '68': 1.0}, 'offensiveAerials': {'68': 1.0}, 'defensiveAerials': {'15': 1.0}, 'throwInsTotal': {'7': 1.0}, 'throwInsAccurate': {'7': 1.0}, 'tacklesTotal': {'6': 1.0}, 'tackleSuccessful': {'6': 1.0}, 'tackleSuccess': {'6': 100.0}}",,,,,,,52
468852,24,Dean Huijsen,DC,195,87,20,True,False,home,"{'possession': {'0': 3.0, '1': 2.0, '3': 4.0, '4': 2.0, '5': 4.0, '7': 3.0, '8': 2.0, '9': 2.0, '11': 1.0, '13': 2.0, '15': 1.0, '16': 1.0, '17': 1.0, '19': 1.0, '20': 1.0, '22': 1.0, '24': 1.0, '25': 1.0, '28': 2.0, '29': 1.0, '31': 2.0, '34': 4.0, '35': 1.0, '38': 1.0, '40': 1.0, '43': 2.0, '47': 4.0, '48': 1.0, '52': 2.0, '55': 1.0, '57': 1.0, '59': 1.0, '60': 1.0, '64': 2.0, '65': 1.0, '67': 1.0, '68': 1.0, '69': 1.0, '75': 2.0, '78': 1.0, '85': 1.0, '87': 1.0, '88': 2.0, '90': 1.0, '91': 1.0}, 'ratings': {'0': 6.14, '1': 6.14, '3': 6.23, '4': 6.24, '5': 6.25, '7': 6.26, '8': 6.26, '9': 6.27, '11': 6.28, '13': 6.28, '15': 6.33, '16': 6.34, '17': 6.34, '19': 6.34, '20': 6.48, '22': 6.48, '24': 6.56, '25': 6.57, '26': 6.6, '28': 6.6, '29': 6.69, '31': 6.7, '34': 6.71, '35': 6.71, '37': 6.76, '38': 6.76, '40': 6.77, '43': 6.75, '47': 6.77, '48': 6.84, '50': 6.92, '51': 7.1, '52': 7.11, '55': 7.11, '57': 7.07, '58': 7.12, '59': 7.12, '60': 7.12, '64': 7.13, '65': 7.21, '67': 7.21, '68': 7.22, '69': 7.22, '70': 7.29, '74': 7.09, '75': 7.08, '78': 7.09, '82': 7.15, '85': 7.16, '87': 7.16, '88': 7.16, '90': 7.16, '91': 7.16}, 'shotsTotal': {'24': 1.0, '57': 1.0}, 'shotsOffTarget': {'57': 1.0}, 'shotsBlocked': {'24': 1.0}, 'clearances': {'0': 1.0, '15': 1.0, '20': 1.0, '37': 1.0, '51': 2.0, '58': 1.0}, 'touches': {'0': 4.0, '1': 2.0, '2': 1.0, '3': 4.0, '4': 2.0, '5': 4.0, '7': 3.0, '8': 2.0, '9': 2.0, '10': 1.0, '11': 1.0, '13': 2.0, '15': 2.0, '16': 1.0, '17': 1.0, '19': 1.0, '20': 2.0, '22': 1.0, '24': 2.0, '25': 1.0, '26': 1.0, '28': 2.0, '29': 2.0, '31': 2.0, '34': 4.0, '35': 1.0, '37': 1.0, '38': 1.0, '40': 1.0, '43': 2.0, '47': 4.0, '48': 1.0, '50': 1.0, '51': 2.0, '52': 2.0, '54': 1.0, '55': 1.0, '57': 2.0, '58': 1.0, '59': 1.0, '60': 1.0, '64': 2.0, '65': 1.0, '67': 1.0, '68': 1.0, '69': 1.0, '75': 2.0, '78': 1.0, '85': 1.0, '87': 1.0, '88': 2.0, '90': 1.0, '91': 1.0}, 'passesTotal': {'0': 3.0, '1': 2.0, '3': 4.0, '4': 2.0, '5': 4.0, '7': 3.0, '8': 2.0, '9': 2.0, '11': 1.0, '13': 2.0, '15': 1.0, '16': 1.0, '17': 1.0, '19': 1.0, '20': 1.0, '22': 1.0, '24': 1.0, '25': 1.0, '28': 2.0, '29': 1.0, '31': 2.0, '34': 4.0, '35': 1.0, '38': 1.0, '40': 1.0, '43': 2.0, '47': 4.0, '48': 1.0, '52': 2.0, '55': 1.0, '59': 1.0, '60': 1.0, '64': 2.0, '65': 1.0, '67': 1.0, '68': 1.0, '69': 1.0, '75': 2.0, '78': 1.0, '85': 1.0, '87': 1.0, '88': 2.0, '90': 1.0, '91': 1.0, '57': 1.0}, 'passesAccurate': {'0': 3.0, '1': 2.0, '3': 3.0, '4': 2.0, '5': 4.0, '7': 3.0, '8': 2.0, '9': 2.0, '11': 1.0, '13': 2.0, '15': 1.0, '16': 1.0, '17': 1.0, '19': 1.0, '20': 1.0, '22': 1.0, '24': 1.0, '25': 1.0, '28': 2.0, '29': 1.0, '31': 2.0, '34': 4.0, '35': 1.0, '38': 1.0, '40': 1.0, '43': 1.0, '47': 4.0, '48': 1.0, '52': 2.0, '55': 1.0, '59': 1.0, '60': 1.0, '64': 2.0, '65': 1.0, '67': 1.0, '68': 1.0, '69': 1.0, '75': 1.0, '78': 1.0, '85': 1.0, '87': 1.0, '88': 2.0, '90': 1.0, '91': 1.0}, 'passesKey': {'65': 1.0}, 'passSuccess': {'0': 100.0, '1': 100.0, '3': 75.0, '4': 100.0, '5': 100.0, '7': 100.0, '8': 100.0, '9': 100.0, '11': 100.0, '13': 100.0, '15': 100.0, '16': 100.0, '17': 100.0, '19': 100.0, '20': 100.0, '22': 100.0, '24': 100.0, '25': 100.0, '28': 100.0, '29': 100.0, '31': 100.0, '34': 100.0, '35': 100.0, '38': 100.0, '40': 100.0, '43': 50.0, '47': 100.0, '48': 100.0, '52': 100.0, '55': 100.0, '59': 100.0, '60': 100.0, '64': 100.0, '65': 100.0, '67': 100.0, '68': 100.0, '69': 100.0, '75': 50.0, '78': 100.0, '85': 100.0, '87': 100.0, '88': 100.0, '90': 100.0, '91': 100.0, '57': 0.0}, 'aerialsTotal': {'0': 1.0, '3': 1.0, '20': 1.0, '24': 1.0, '51': 1.0}, 'aerialsWon': {'0': 1.0, '3': 1.0, '20': 1.0, '24': 1.0, '51': 1.0}, 'offensiveAerials': {'3': 1.0, '24': 1.0}, 'defensiveAerials': {'0': 1.0, '20': 1.0, '51': 1.0}, 'throwInsTotal': {'2': 1.0, '10': 1.0, '54': 1.0}, 'throwInsAccurate': {'2': 1.0, '10': 1.0, '54': 1.0}, 'foulsCommited': {'91': 1.0}, 'tacklesTotal': {'29': 1.0, '50': 1.0}, 'tackleSuccessful': {'29': 1.0, '50': 1.0}, 'tackleSuccess': {'29': 100.0, '50': 100.0}}",,,,,,,52
437583,18,Alvaro Carreras,DL,186,78,22,True,False,home,"{'possession': {'1': 2.0, '2': 1.0, '3': 4.0, '7': 1.0, '8': 3.0, '10': 1.0, '11': 1.0, '15': 2.0, '16': 1.0, '17': 1.0, '18': 2.0, '20': 3.0, '22': 2.0, '25': 3.0, '28': 3.0, '29': 1.0, '31': 1.0, '34': 3.0, '35': 1.0, '38': 3.0, '39': 2.0, '41': 2.0, '42': 2.0, '43': 1.0, '44': 3.0, '47': 3.0, '52': 3.0, '55': 1.0, '56': 1.0, '57': 1.0, '58': 1.0, '60': 1.0, '61': 1.0, '62': 1.0, '63': 2.0, '64': 1.0, '67': 1.0, '68': 1.0, '69': 1.0, '73': 1.0, '76': 1.0, '79': 3.0, '81': 1.0, '85': 1.0, '88': 1.0, '89': 1.0, '90': 2.0, '95': 3.0}, 'ratings': {'0': 6.0, '1': 6.0, '2': 6.0, '3': 6.0, '7': 6.0, '8': 6.01, '9': 5.98, '10': 5.98, '11': 5.98, '15': 5.99, '16': 5.99, '17': 5.98, '18': 5.96, '20': 5.97, '22': 5.97, '25': 5.98, '28': 5.99, '29': 5.96, '30': 5.94, '31': 6.03, '34': 6.04, '35': 6.05, '37': 6.18, '38': 6.19, '39': 6.2, '41': 6.2, '42': 6.21, '43': 6.22, '44': 6.39, '47': 6.4, '48': 6.48, '49': 6.61, '52': 6.62, '54': 6.67, '55': 6.66, '56': 6.66, '57': 6.66, '58': 6.67, '60': 6.67, '61': 6.79, '62': 6.8, '63': 6.8, '64': 6.8, '67': 6.79, '68': 6.79, '69': 6.79, '70': 6.88, '73': 6.96, '74': 6.8, '76': 6.88, '79': 6.89, '81': 6.89, '82': 6.98, '85': 6.98, '86': 7.03, '88': 7.03, '89': 7.03, '90': 7.04, '95': 7.04}, 'clearances': {'37': 1.0, '49': 1.0, '86': 1.0}, 'touches': {'0': 2.0, '1': 3.0, '2': 2.0, '3': 4.0, '7': 1.0, '8': 3.0, '9': 2.0, '10': 1.0, '11': 1.0, '15': 2.0, '16': 1.0, '17': 1.0, '18': 2.0, '20': 3.0, '22': 2.0, '25': 3.0, '28': 3.0, '29': 2.0, '30': 2.0, '31': 3.0, '34': 3.0, '35': 1.0, '37': 1.0, '38': 3.0, '39': 3.0, '41': 2.0, '42': 2.0, '43': 2.0, '44': 3.0, '47': 3.0, '49': 1.0, '52': 3.0, '54': 1.0, '55': 3.0, '56': 1.0, '57': 1.0, '58': 1.0, '60': 1.0, '61': 3.0, '62': 1.0, '63': 2.0, '64': 1.0, '67': 1.0, '68': 1.0, '69': 1.0, '73': 2.0, '76': 2.0, '79': 3.0, '80': 1.0, '81': 1.0, '85': 1.0, '86': 1.0, '88': 1.0, '89': 1.0, '90': 2.0, '95': 3.0}, 'passesTotal': {'1': 2.0, '2': 1.0, '3': 3.0, '7': 1.0, '8': 3.0, '10': 1.0, '11': 1.0, '15': 2.0, '16': 1.0, '18': 1.0, '20': 3.0, '22': 2.0, '25': 3.0, '28': 3.0, '29': 1.0, '31': 1.0, '34': 3.0, '35': 1.0, '38': 3.0, '39': 2.0, '41': 2.0, '42': 2.0, '43': 1.0, '44': 2.0, '47': 3.0, '52': 3.0, '56': 1.0, '57': 1.0, '58': 1.0, '60': 1.0, '61': 1.0, '62': 1.0, '63': 2.0, '64': 1.0, '68': 1.0, '69': 1.0, '73': 1.0, '79': 3.0, '81': 1.0, '85': 1.0, '88': 1.0, '89': 1.0, '90': 2.0, '95': 3.0, '17': 1.0, '55': 1.0, '67': 1.0, '76': 1.0}, 'passesAccurate': {'1': 1.0, '2': 1.0, '3': 3.0, '7': 1.0, '8': 3.0, '10': 1.0, '11': 1.0, '15': 2.0, '16': 1.0, '18': 1.0, '20': 3.0, '22': 2.0, '25': 3.0, '28': 3.0, '29': 1.0, '31': 1.0, '34': 3.0, '35': 1.0, '38': 3.0, '39': 2.0, '41': 2.0, '42': 2.0, '43': 1.0, '44': 2.0, '47': 3.0, '52': 3.0, '56': 1.0, '57': 1.0, '58': 1.0, '60': 1.0, '61': 1.0, '62': 1.0, '63': 2.0, '64': 1.0, '68': 1.0, '69': 1.0, '73': 1.0, '79': 3.0, '81': 1.0, '85': 1.0, '88': 1.0, '89': 1.0, '90': 2.0, '95': 2.0}, 'passesKey': {'44': 1.0}, 'passSuccess': {'1': 50.0, '2': 100.0, '3': 100.0, '7': 100.0, '8': 100.0, '10': 100.0, '11': 100.0, '15': 100.0, '16': 100.0, '18': 100.0, '20': 100.0, '22': 100.0, '25': 100.0, '28': 100.0, '29': 100.0, '31': 100.0, '34': 100.0, '35': 100.0, '38': 100.0, '39': 100.0, '41': 100.0, '42': 100.0, '43': 100.0, '44': 100.0, '47': 100.0, '52': 100.0, '56': 100.0, '57': 100.0, '58': 100.0, '60': 100.0, '61': 100.0, '62': 100.0, '63': 100.0, '64': 100.0, '68': 100.0, '69': 100.0, '73': 100.0, '79': 100.0, '81': 100.0, '85': 100.0, '88': 100.0, '89': 100.0, '90': 100.0, '95': 66.67, '17': 0.0, '55': 0.0, '67': 0.0, '76': 0.0}, 'aerialsTotal': {'37': 1.0, '49': 1.0}, 'aerialsWon': {'37': 1.0, '49': 1.0}, 'defensiveAerials': {'37': 1.0, '49': 1.0}, 'throwInsTotal': {'0': 2.0, '1': 1.0, '31': 1.0, '39': 1.0, '43': 1.0, '55': 1.0}, 'throwInsAccurate': {'0': 2.0, '1': 1.0, '31': 1.0, '39': 1.0, '43': 1.0, '55': 1.0}, 'foulsCommited': {'18': 1.0}, 'tacklesTotal': {'31': 1.0, '54': 2.0, '73': 1.0, '76': 1.0}, 'tackleSuccessful': {'31': 1.0, '54': 1.0, '73': 1.0, '76': 1.0}, 'tackleUnsuccesful': {'54': 1.0}, 'tackleSuccess': {'31': 100.0, '54': 50.0, '73': 100.0, '76': 100.0}, 'dribbledPast': {'54': 1.0}, 'dribblesAttempted': {'30': 1.0}, 'dribblesLost': {'30': 1.0}, 'dispossessed': {'29': 1.0}}",,,,,,,52
353423,14,Aurelien Tchouameni,DMC,187,81,25,True,False,home,"{'possession': {'1': 1.0, '2': 1.0, '3': 3.0, '4': 1.0, '5': 3.0, '6': 1.0, '9': 1.0, '10': 1.0, '11': 1.0, '16': 1.0, '17': 1.0, '18': 1.0, '19': 1.0, '20': 3.0, '22': 2.0, '23': 1.0, '25': 1.0, '28': 1.0, '31': 1.0, '34': 1.0, '35': 1.0, '38': 1.0, '39': 1.0, '40': 2.0, '41': 1.0, '42': 3.0, '45': 1.0, '52': 2.0, '56': 2.0, '57': 1.0, '58': 2.0, '60': 2.0, '62': 2.0, '63': 1.0, '64': 2.0, '68': 1.0, '71': 1.0, '73': 1.0, '79': 1.0, '80': 2.0, '81': 1.0, '85': 5.0, '87': 1.0, '88': 2.0, '89': 1.0, '93': 1.0}, 'ratings': {'0': 6.0, '1': 6.0, '2': 6.0, '3': 6.01, '4': 6.01, '5': 6.03, '6': 6.13, '9': 6.13, '10': 6.14, '11': 6.14, '16': 6.13, '17': 6.14, '18': 6.14, '19': 6.27, '20': 6.29, '21': 6.27, '22': 6.27, '23': 6.28, '25': 6.28, '26': 6.11, '28': 6.11, '31': 6.12, '32': 6.01, '34': 6.01, '35': 6.01, '38': 6.01, '39': 6.02, '40': 6.02, '41': 6.02, '42': 6.03, '45': 6.03, '48': 6.13, '50': 6.18, '52': 6.18, '56': 6.19, '57': 6.19, '58': 6.2, '60': 6.2, '62': 6.21, '63': 6.21, '64': 6.21, '68': 6.22, '70': 6.32, '71': 6.32, '73': 6.33, '74': 6.18, '75': 6.26, '79': 6.26, '80': 6.27, '81': 6.4, '82': 6.5, '85': 6.52, '87': 6.53, '88': 6.53, '89': 6.54, '92': 6.64, '93': 6.64}, 'shotsTotal': {'21': 1.0, '26': 1.0, '57': 1.0}, 'shotsOffTarget': {'21': 1.0, '26': 1.0}, 'shotsBlocked': {'57': 1.0}, 'clearances': {'19': 1.0, '50': 1.0}, 'interceptions': {'6': 1.0, '92': 1.0}, 'touches': {'1': 1.0, '2': 1.0, '3': 3.0, '4': 1.0, '5': 3.0, '6': 2.0, '9': 1.0, '10': 1.0, '11': 1.0, '16': 1.0, '17': 1.0, '18': 2.0, '19': 2.0, '20': 3.0, '21': 1.0, '22': 2.0, '23': 1.0, '25': 1.0, '26': 1.0, '28': 1.0, '31': 1.0, '34': 1.0, '35': 1.0, '38': 1.0, '39': 1.0, '40': 2.0, '41': 1.0, '42': 3.0, '45': 1.0, '50': 1.0, '52': 2.0, '56': 2.0, '57': 2.0, '58': 2.0, '60': 2.0, '62': 2.0, '63': 1.0, '64': 2.0, '68': 1.0, '71': 1.0, '73': 1.0, '75': 1.0, '79': 1.0, '80': 2.0, '81': 2.0, '85': 5.0, '87': 1.0, '88': 2.0, '89': 1.0, '92': 1.0, '93': 1.0}, 'passesTotal': {'1': 1.0, '2': 1.0, '3': 3.0, '4': 1.0, '5': 3.0, '6': 1.0, '9': 1.0, '10': 1.0, '11': 1.0, '17': 1.0, '18': 1.0, '19': 1.0, '20': 3.0, '22': 2.0, '23': 1.0, '25': 1.0, '28': 1.0, '31': 1.0, '34': 1.0, '35': 1.0, '38': 1.0, '39': 1.0, '40': 2.0, '41': 1.0, '42': 3.0, '52': 2.0, '56': 2.0, '57': 1.0, '58': 2.0, '60': 2.0, '62': 2.0, '63': 1.0, '64': 2.0, '68': 1.0, '71': 1.0, '73': 1.0, '79': 1.0, '80': 2.0, '81': 1.0, '85': 5.0, '87': 1.0, '88': 2.0, '89': 1.0, '93': 1.0, '16': 1.0, '45': 1.0}, 'passesAccurate': {'1': 1.0, '2': 1.0, '3': 3.0, '4': 1.0, '5': 3.0, '6': 1.0, '9': 1.0, '10': 1.0, '11': 1.0, '17': 1.0, '18': 1.0, '19': 1.0, '20': 3.0, '22': 2.0, '23': 1.0, '25': 1.0, '28': 1.0, '31': 1.0, '34': 1.0, '35': 1.0, '38': 1.0, '39': 1.0, '40': 2.0, '41': 1.0, '42': 3.0, '52': 2.0, '56': 2.0, '57': 1.0, '58': 2.0, '60': 2.0, '62': 2.0, '63': 1.0, '64': 2.0, '68': 1.0, '71': 1.0, '73': 1.0, '79': 1.0, '80': 2.0, '81': 1.0, '85': 5.0, '87': 1.0, '88': 2.0, '89': 1.0, '93': 1.0}, 'passSuccess': {'1': 100.0, '2': 100.0, '3': 100.0, '4': 100.0, '5': 100.0, '6': 100.0, '9': 100.0, '10': 100.0, '11': 100.0, '17': 100.0, '18': 100.0, '19': 100.0, '20': 100.0, '22': 100.0, '23': 100.0, '25': 100.0, '28': 100.0, '31': 100.0, '34': 100.0, '35': 100.0, '38': 100.0, '39': 100.0, '40': 100.0, '41': 100.0, '42': 100.0, '52': 100.0, '56': 100.0, '57': 100.0, '58': 100.0, '60': 100.0, '62': 100.0, '63': 100.0, '64': 100.0, '68': 100.0, '71': 100.0, '73': 100.0, '79': 100.0, '80': 100.0, '81': 100.0, '85': 100.0, '87': 100.0, '88': 100.0, '89': 100.0, '93': 100.0, '16': 0.0, '45': 0.0}, 'aerialsTotal': {'19': 1.0, '21': 1.0}, 'aerialsWon': {'19': 1.0, '21': 1.0}, 'offensiveAerials': {'21': 1.0}, 'defensiveAerials': {'19': 1.0}, 'cornersTotal': {'57': 1.0}, 'foulsCommited': {'32': 1.0}, 'tacklesTotal': {'81': 1.0}, 'tackleSuccessful': {'81': 1.0}, 'tackleSuccess': {'81': 100.0}}",,,,,,,52
144890,19,Dani Ceballos,DMC,179,70,29,True,False,home,"{'possession': {'0': 1.0, '1': 2.0, '2': 2.0, '3': 2.0, '4': 1.0, '5': 2.0, '6': 2.0, '8': 2.0, '10': 1.0, '11': 2.0, '12': 1.0, '16': 1.0, '18': 2.0, '19': 2.0, '20': 1.0, '22': 1.0, '25': 4.0, '28': 1.0, '29': 2.0, '31': 2.0, '35': 2.0, '38': 1.0, '40': 2.0, '41': 2.0, '42': 3.0, '43': 1.0, '48': 1.0, '52': 2.0, '56': 2.0, '57': 2.0, '58': 1.0, '60': 3.0, '61': 2.0, '62': 1.0, '63': 1.0, '64': 1.0}, 'ratings': {'0': 6.0, '1': 6.01, '2': 6.01, '3': 6.05, '4': 6.05, '5': 6.06, '6': 6.05, '8': 6.05, '10': 6.05, '11': 6.06, '12': 6.06, '13': 6.14, '16': 6.15, '18': 6.15, '19': 6.24, '20': 6.24, '22': 6.25, '24': 6.33, '25': 6.35, '28': 6.35, '29': 6.36, '31': 6.37, '32': 6.33, '35': 6.33, '38': 6.33, '40': 6.34, '41': 6.34, '42': 6.35, '43': 6.44, '48': 6.53, '51': 6.57, '52': 6.57, '56': 6.58, '57': 6.59, '58': 6.59, '60': 6.6, '61': 6.59, '62': 6.57, '63': 6.57, '64': 6.58, '65': 6.78}, 'touches': {'0': 1.0, '1': 2.0, '2': 2.0, '3': 3.0, '4': 1.0, '5': 2.0, '6': 2.0, '8': 2.0, '10': 1.0, '11': 2.0, '12': 1.0, '13': 2.0, '16': 1.0, '18': 2.0, '19': 2.0, '20': 1.0, '21': 1.0, '22': 1.0, '24': 1.0, '25': 4.0, '28': 1.0, '29': 2.0, '31': 2.0, '35': 2.0, '38': 1.0, '40': 2.0, '41': 2.0, '42': 3.0, '43': 2.0, '48': 1.0, '51': 1.0, '52': 3.0, '56': 2.0, '57': 2.0, '58': 1.0, '60': 3.0, '61': 2.0, '62': 1.0, '63': 1.0, '64': 1.0}, 'passesTotal': {'0': 1.0, '1': 2.0, '2': 2.0, '3': 2.0, '4': 1.0, '5': 2.0, '6': 2.0, '8': 2.0, '10': 1.0, '11': 2.0, '12': 1.0, '16': 1.0, '18': 2.0, '19': 2.0, '20': 1.0, '22': 1.0, '25': 4.0, '28': 1.0, '29': 2.0, '31': 2.0, '35': 1.0, '38': 1.0, '40': 2.0, '41': 2.0, '42': 3.0, '43': 1.0, '52': 2.0, '56': 2.0, '57': 2.0, '58': 1.0, '60': 3.0, '61': 2.0, '62': 1.0, '63': 1.0, '64': 1.0, '48': 1.0}, 'passesAccurate': {'0': 1.0, '1': 2.0, '2': 2.0, '3': 2.0, '4': 1.0, '5': 2.0, '6': 1.0, '8': 1.0, '10': 1.0, '11': 2.0, '12': 1.0, '16': 1.0, '18': 2.0, '19': 2.0, '20': 1.0, '22': 1.0, '25': 4.0, '28': 1.0, '29': 2.0, '31': 2.0, '35': 1.0, '38': 1.0, '40': 2.0, '41': 2.0, '42': 3.0, '43': 1.0, '52': 2.0, '56': 2.0, '57': 2.0, '58': 1.0, '60': 3.0, '61': 1.0, '62': 1.0, '63': 1.0, '64': 1.0}, 'passesKey': {'19': 1.0}, 'passSuccess': {'0': 100.0, '1': 100.0, '2': 100.0, '3': 100.0, '4': 100.0, '5': 100.0, '6': 50.0, '8': 50.0, '10': 100.0, '11': 100.0, '12': 100.0, '16': 100.0, '18': 100.0, '19': 100.0, '20': 100.0, '22': 100.0, '25': 100.0, '28': 100.0, '29': 100.0, '31': 100.0, '35': 100.0, '38': 100.0, '40': 100.0, '41': 100.0, '42': 100.0, '43': 100.0, '52': 100.0, '56': 100.0, '57': 100.0, '58': 100.0, '60': 100.0, '61': 50.0, '62': 100.0, '63': 100.0, '64': 100.0, '48': 0.0}, 'throwInsTotal': {'52': 1.0}, 'throwInsAccurate': {'52': 1.0}, 'foulsCommited': {'62': 1.0}, 'tacklesTotal': {'13': 2.0, '24': 1.0, '43': 1.0, '32': 1.0}, 'tackleSuccessful': {'13': 1.0, '24': 1.0, '43': 1.0}, 'tackleUnsuccesful': {'13': 1.0, '32': 1.0}, 'tackleSuccess': {'13': 50.0, '24': 100.0, '43': 100.0, '32': 0.0}, 'dribbledPast': {'13': 1.0, '32': 1.0}, 'dribblesAttempted': {'13': 1.0}, 'dribblesLost': {'13': 1.0}}",369109.0,"{'value': 2, 'displayName': 'SecondHalf'}",65.0,,,,52
514810,30,Franco Mastantuono,AMR,178,73,18,True,False,home,"{'possession': {'1': 1.0, '2': 1.0, '3': 1.0, '4': 1.0, '5': 1.0, '7': 1.0, '9': 2.0, '10': 3.0, '16': 1.0, '17': 2.0, '18': 1.0, '20': 1.0, '23': 1.0, '25': 2.0, '26': 1.0, '34': 1.0, '35': 1.0, '38': 1.0, '39': 1.0, '40': 1.0, '42': 1.0, '47': 2.0, '55': 3.0, '56': 2.0, '57': 3.0, '61': 1.0, '62': 1.0, '64': 5.0, '73': 1.0}, 'ratings': {'0': 6.0, '1': 6.0, '2': 6.0, '3': 6.01, '4': 5.96, '5': 5.96, '7': 5.96, '9': 5.97, '10': 5.98, '11': 6.18, '16': 6.18, '17': 6.31, '18': 6.32, '20': 6.31, '21': 6.18, '22': 6.16, '23': 6.15, '25': 6.16, '26': 6.42, '29': 6.04, '33': 6.09, '34': 6.09, '35': 6.1, '38': 6.06, '39': 6.07, '40': 6.08, '42': 6.2, '44': 6.24, '45': 6.12, '47': 6.13, '48': 6.26, '54': 6.38, '55': 6.38, '56': 6.56, '57': 6.65, '60': 6.68, '61': 6.68, '62': 6.68, '64': 6.69, '70': 6.82, '73': 6.79, '74': 6.69, '75': 6.66}, 'shotsTotal': {'21': 1.0, '22': 1.0, '44': 1.0}, 'shotsOffTarget': {'22': 1.0, '44': 1.0}, 'shotsBlocked': {'21': 1.0}, 'clearances': {'33': 1.0}, 'touches': {'1': 1.0, '2': 1.0, '3': 1.0, '4': 6.0, '5': 1.0, '7': 1.0, '8': 1.0, '9': 2.0, '10': 3.0, '11': 2.0, '16': 1.0, '17': 3.0, '18': 1.0, '20': 1.0, '21': 1.0, '22': 1.0, '23': 1.0, '25': 2.0, '26': 1.0, '29': 3.0, '33': 1.0, '34': 1.0, '35': 1.0, '38': 2.0, '39': 1.0, '40': 1.0, '42': 2.0, '44': 1.0, '47': 2.0, '54': 3.0, '55': 3.0, '56': 3.0, '57': 3.0, '60': 1.0, '61': 1.0, '62': 1.0, '64': 6.0, '73': 1.0, '75': 1.0}, 'passesTotal': {'1': 1.0, '2': 1.0, '3': 1.0, '4': 1.0, '5': 1.0, '7': 1.0, '9': 2.0, '10': 3.0, '16': 1.0, '17': 2.0, '18': 1.0, '25': 2.0, '34': 1.0, '35': 1.0, '38': 1.0, '39': 1.0, '40': 1.0, '47': 2.0, '55': 3.0, '56': 2.0, '57': 2.0, '61': 1.0, '62': 1.0, '64': 5.0, '73': 1.0, '20': 1.0, '23': 1.0, '42': 1.0}, 'passesAccurate': {'1': 1.0, '2': 1.0, '3': 1.0, '4': 1.0, '5': 1.0, '7': 1.0, '9': 2.0, '10': 3.0, '16': 1.0, '17': 1.0, '18': 1.0, '25': 2.0, '34': 1.0, '35': 1.0, '38': 1.0, '39': 1.0, '40': 1.0, '47': 2.0, '55': 3.0, '56': 2.0, '57': 2.0, '61': 1.0, '62': 1.0, '64': 4.0, '73': 1.0}, 'passesKey': {'26': 1.0}, 'passSuccess': {'1': 100.0, '2': 100.0, '3': 100.0, '4': 100.0, '5': 100.0, '7': 100.0, '9': 100.0, '10': 100.0, '16': 100.0, '17': 50.0, '18': 100.0, '25': 100.0, '34': 100.0, '35': 100.0, '38': 100.0, '39': 100.0, '40': 100.0, '47': 100.0, '55': 100.0, '56': 100.0, '57': 100.0, '61': 100.0, '62': 100.0, '64': 80.0, '73': 100.0, '20': 0.0, '23': 0.0, '42': 0.0}, 'cornersTotal': {'21': 1.0}, 'throwInsTotal': {'8': 1.0}, 'throwInsAccurate': {'8': 1.0}, 'foulsCommited': {'45': 1.0}, 'tacklesTotal': {'17': 1.0, '42': 1.0, '54': 1.0, '73': 1.0}, 'tackleSuccessful': {'17': 1.0, '42': 1.0}, 'tackleUnsuccesful': {'54': 1.0, '73': 1.0}, 'tackleSuccess': {'17': 100.0, '42': 100.0, '54': 0.0, '73': 0.0}, 'dribbledPast': {'54': 1.0, '73': 1.0}, 'dribblesWon': {'11': 1.0, '54': 1.0, '56': 1.0}, 'dribblesAttempted': {'11': 1.0, '54': 2.0, '56': 1.0, '4': 1.0, '29': 1.0}, 'dribblesLost': {'4': 1.0, '29': 1.0, '54': 1.0}, 'dribbleSuccess': {'11': 100.0, '54': 50.0, '56': 100.0, '4': 0.0, '29': 0.0}, 'dispossessed': {'4': 2.0, '75': 1.0}, 'errors': {'29': 1.0}}",317541.0,"{'value': 2, 'displayName': 'SecondHalf'}",76.0,,,,52
415181,15,Arda Guler,AMC,176,67,20,True,False,home,"{'possession': {'1': 2.0, '3': 1.0, '4': 1.0, '5': 3.0, '6': 2.0, '9': 1.0, '10': 1.0, '11': 1.0, '12': 1.0, '16': 2.0, '20': 1.0, '21': 2.0, '28': 2.0, '30': 1.0, '31': 2.0, '38': 1.0, '39': 2.0, '40': 1.0, '41': 1.0, '42': 3.0, '44': 2.0, '50': 1.0, '52': 1.0, '53': 2.0, '55': 1.0, '56': 4.0, '57': 2.0, '58': 1.0, '59': 1.0, '61': 1.0, '63': 2.0}, 'ratings': {'0': 6.0, '1': 6.0, '3': 6.01, '4': 6.01, '5': 5.98, '6': 5.95, '9': 5.95, '10': 5.95, '11': 5.96, '12': 5.97, '16': 5.97, '20': 5.98, '21': 5.98, '28': 5.99, '30': 6.0, '31': 5.99, '32': 6.08, '36': 6.04, '38': 6.05, '39': 6.04, '40': 6.04, '41': 6.06, '42': 6.16, '44': 6.18, '48': 6.31, '50': 6.3, '52': 6.3, '53': 6.3, '55': 6.3, '56': 6.32, '57': 6.32, '58': 6.34, '59': 6.38, '61': 6.38, '63': 6.37, '65': 6.45}, 'shotsTotal': {'6': 1.0, '36': 2.0}, 'shotsOffTarget': {'6': 1.0, '36': 1.0}, 'shotsBlocked': {'36': 1.0}, 'touches': {'1': 2.0, '3': 1.0, '4': 1.0, '5': 4.0, '6': 3.0, '9': 1.0, '10': 1.0, '11': 1.0, '12': 1.0, '16': 2.0, '20': 1.0, '21': 2.0, '28': 2.0, '30': 1.0, '31': 2.0, '32': 1.0, '36': 2.0, '38': 1.0, '39': 2.0, '40': 1.0, '41': 1.0, '42': 3.0, '44': 2.0, '50': 1.0, '52': 1.0, '53': 2.0, '55': 1.0, '56': 4.0, '57': 2.0, '58': 1.0, '59': 2.0, '61': 1.0, '63': 2.0}, 'passesTotal': {'1': 2.0, '3': 1.0, '4': 1.0, '5': 3.0, '6': 2.0, '9': 1.0, '10': 1.0, '11': 1.0, '12': 1.0, '16': 2.0, '20': 1.0, '21': 2.0, '28': 2.0, '30': 1.0, '31': 2.0, '38': 1.0, '39': 2.0, '40': 1.0, '41': 1.0, '42': 3.0, '44': 2.0, '50': 1.0, '52': 1.0, '53': 2.0, '55': 1.0, '56': 4.0, '57': 2.0, '58': 1.0, '59': 1.0, '61': 1.0, '63': 2.0}, 'passesAccurate': {'1': 2.0, '3': 1.0, '4': 1.0, '5': 2.0, '6': 2.0, '9': 1.0, '10': 1.0, '11': 1.0, '12': 1.0, '16': 2.0, '20': 1.0, '21': 2.0, '28': 2.0, '30': 1.0, '31': 1.0, '38': 1.0, '39': 1.0, '40': 1.0, '41': 1.0, '42': 3.0, '44': 2.0, '50': 1.0, '52': 1.0, '53': 1.0, '55': 1.0, '56': 4.0, '57': 2.0, '58': 1.0, '59': 1.0, '61': 1.0, '63': 1.0}, 'passesKey': {'42': 1.0}, 'passSuccess': {'1': 100.0, '3': 100.0, '4': 100.0, '5': 66.67, '6': 100.0, '9': 100.0, '10': 100.0, '11': 100.0, '12': 100.0, '16': 100.0, '20': 100.0, '21': 100.0, '28': 100.0, '30': 100.0, '31': 50.0, '38': 100.0, '39': 50.0, '40': 100.0, '41': 100.0, '42': 100.0, '44': 100.0, '50': 100.0, '52': 100.0, '53': 50.0, '55': 100.0, '56': 100.0, '57': 100.0, '58': 100.0, '59': 100.0, '61': 100.0, '63': 50.0}, 'cornersAccurate': {'21': 1.0, '57': 1.0}, 'foulsCommited': {'50': 1.0}, 'tacklesTotal': {'32': 1.0}, 'tackleSuccessful': {'32': 1.0}, 'tackleSuccess': {'32': 100.0}}",379868.0,"{'value': 2, 'displayName': 'SecondHalf'}",65.0,,,,52
337782,7,Vinicius Junior,AML,176,73,25,True,True,home,"{'possession': {'2': 3.0, '3': 1.0, '6': 1.0, '7': 1.0, '8': 3.0, '11': 2.0, '13': 1.0, '15': 2.0, '16': 1.0, '18': 1.0, '19': 2.0, '20': 1.0, '21': 1.0, '22': 1.0, '24': 3.0, '25': 2.0, '28': 3.0, '29': 1.0, '30': 1.0, '31': 2.0, '34': 1.0, '39': 1.0, '41': 2.0, '42': 1.0, '44': 3.0, '47': 2.0, '50': 1.0, '52': 2.0, '55': 1.0, '56': 1.0, '57': 2.0, '58': 1.0, '59': 1.0, '60': 1.0, '61': 2.0, '63': 1.0, '64': 1.0, '69': 1.0, '73': 1.0, '79': 4.0, '80': 2.0, '81': 2.0, '85': 1.0, '89': 1.0, '90': 3.0, '92': 1.0, '93': 1.0, '94': 1.0, '95': 2.0}, 'ratings': {'0': 5.97, '2': 6.2, '3': 6.2, '5': 6.28, '6': 6.29, '7': 6.62, '8': 6.63, '11': 6.76, '12': 6.74, '13': 6.74, '15': 6.76, '16': 6.76, '18': 6.77, '19': 6.76, '20': 6.78, '21': 7.05, '22': 7.04, '24': 7.14, '25': 7.13, '28': 7.14, '29': 7.14, '30': 7.15, '31': 7.15, '34': 7.15, '39': 7.11, '41': 7.11, '42': 7.28, '44': 7.28, '47': 7.28, '48': 8.55, '50': 8.54, '52': 8.54, '55': 8.55, '56': 8.55, '57': 8.74, '58': 8.7, '59': 8.71, '60': 8.71, '61': 8.85, '62': 8.84, '63': 8.84, '64': 8.84, '69': 9.19, '70': 9.83, '72': 9.79, '73': 9.86, '74': 9.76, '78': 9.8, '79': 9.8, '80': 9.8, '81': 10.0, '82': 10.0, '85': 10.0, '89': 10.0, '90': 10.0, '92': 10.0, '93': 10.0, '94': 10.0, '95': 10.0}, 'shotsTotal': {'42': 1.0, '48': 1.0, '70': 1.0, '81': 2.0}, 'shotsOnTarget': {'48': 1.0, '70': 1.0, '81': 1.0}, 'shotsBlocked': {'42': 1.0, '81': 1.0}, 'touches': {'0': 1.0, '2': 7.0, '3': 1.0, '5': 1.0, '6': 1.0, '7': 2.0, '8': 3.0, '11': 4.0, '12': 2.0, '13': 1.0, '15': 2.0, '16': 1.0, '18': 1.0, '19': 2.0, '20': 3.0, '21': 1.0, '22': 1.0, '24': 3.0, '25': 2.0, '28': 3.0, '29': 1.0, '30': 1.0, '31': 2.0, '34': 1.0, '39': 3.0, '41': 2.0, '42': 3.0, '44': 3.0, '47': 2.0, '48': 2.0, '50': 1.0, '52': 2.0, '55': 1.0, '56': 1.0, '57': 2.0, '58': 2.0, '59': 1.0, '60': 1.0, '61': 3.0, '62': 2.0, '63': 1.0, '64': 1.0, '69': 3.0, '70': 1.0, '72': 1.0, '73': 2.0, '78': 1.0, '79': 4.0, '80': 2.0, '81': 5.0, '85': 1.0, '89': 1.0, '90': 4.0, '92': 1.0, '93': 1.0, '94': 1.0, '95': 2.0}, 'passesTotal': {'2': 2.0, '3': 1.0, '6': 1.0, '8': 3.0, '11': 1.0, '13': 1.0, '15': 2.0, '16': 1.0, '18': 1.0, '19': 2.0, '20': 1.0, '24': 3.0, '25': 2.0, '28': 3.0, '29': 1.0, '30': 1.0, '31': 2.0, '34': 1.0, '39': 1.0, '41': 2.0, '42': 1.0, '44': 3.0, '47': 2.0, '52': 2.0, '55': 1.0, '56': 1.0, '57': 2.0, '59': 1.0, '60': 1.0, '61': 2.0, '63': 1.0, '64': 1.0, '69': 1.0, '73': 1.0, '79': 4.0, '80': 2.0, '81': 2.0, '85': 1.0, '89': 1.0, '90': 3.0, '92': 1.0, '93': 1.0, '94': 1.0, '95': 2.0, '22': 1.0, '50': 1.0, '58': 1.0}, 'passesAccurate': {'2': 2.0, '3': 1.0, '6': 1.0, '8': 3.0, '11': 1.0, '13': 1.0, '15': 2.0, '16': 1.0, '18': 1.0, '19': 1.0, '20': 1.0, '24': 2.0, '25': 1.0, '28': 3.0, '29': 1.0, '30': 1.0, '31': 2.0, '34': 1.0, '39': 1.0, '41': 2.0, '42': 1.0, '44': 2.0, '47': 1.0, '52': 2.0, '55': 1.0, '56': 1.0, '57': 2.0, '59': 1.0, '60': 1.0, '61': 2.0, '63': 1.0, '64': 1.0, '69': 1.0, '73': 1.0, '79': 3.0, '80': 2.0, '81': 2.0, '85': 1.0, '89': 1.0, '90': 3.0, '92': 1.0, '93': 1.0, '94': 1.0, '95': 2.0}, 'passesKey': {'7': 1.0, '21': 1.0, '24': 1.0, '57': 1.0, '73': 1.0, '95': 1.0}, 'passSuccess': {'2': 100.0, '3': 100.0, '6': 100.0, '8': 100.0, '11': 100.0, '13': 100.0, '15': 100.0, '16': 100.0, '18': 100.0, '19': 50.0, '20': 100.0, '24': 66.67, '25': 50.0, '28': 100.0, '29': 100.0, '30': 100.0, '31': 100.0, '34': 100.0, '39': 100.0, '41': 100.0, '42': 100.0, '44': 66.67, '47': 50.0, '52': 100.0, '55': 100.0, '56': 100.0, '57': 100.0, '59': 100.0, '60': 100.0, '61': 100.0, '63': 100.0, '64': 100.0, '69': 100.0, '73': 100.0, '79': 75.0, '80': 100.0, '81': 100.0, '85': 100.0, '89': 100.0, '90': 100.0, '92': 100.0, '93': 100.0, '94': 100.0, '95': 100.0, '22': 0.0, '50': 0.0, '58': 0.0}, 'cornersAccurate': {'79': 1.0}, 'throwInsTotal': {'12': 1.0}, 'throwInsAccurate': {'12': 1.0}, 'tacklesTotal': {'61': 1.0, '5': 1.0, '90': 1.0}, 'tackleSuccessful': {'61': 1.0, '5': 1.0}, 'tackleUnsuccesful': {'90': 1.0}, 'tackleSuccess': {'61': 100.0, '5': 100.0, '90': 0.0}, 'dribbledPast': {'90': 1.0}, 'dribblesWon': {'2': 1.0, '7': 1.0, '11': 1.0, '42': 1.0, '48': 1.0, '81': 1.0}, 'dribblesAttempted': {'2': 3.0, '7': 1.0, '11': 1.0, '42': 1.0, '48': 1.0, '81': 1.0, '12': 1.0, '20': 1.0, '39': 1.0, '62': 1.0, '69': 1.0, '73': 1.0}, 'dribblesLost': {'2': 2.0, '12': 1.0, '20': 1.0, '39': 1.0, '62': 1.0, '69': 1.0, '73': 1.0}, 'dribbleSuccess': {'2': 33.33, '7': 100.0, '11': 100.0, '42': 100.0, '48': 100.0, '81': 100.0, '12': 0.0, '20': 0.0, '39': 0.0, '62': 0.0, '69': 0.0, '73': 0.0}, 'dispossessed': {'0': 1.0, '11': 1.0}}",,,,,,,52
300713,10,Kylian Mbappe,FW,178,75,26,True,False,home,"{'possession': {'2': 3.0, '5': 1.0, '6': 3.0, '7': 1.0, '8': 1.0, '16': 1.0, '19': 1.0, '21': 1.0, '24': 1.0, '25': 1.0, '29': 1.0, '30': 1.0, '31': 1.0, '38': 1.0, '39': 2.0, '44': 2.0, '47': 1.0, '48': 1.0, '50': 1.0, '52': 1.0, '53': 1.0, '56': 5.0, '57': 1.0, '58': 1.0, '59': 2.0, '63': 4.0, '72': 3.0, '75': 1.0, '80': 3.0, '81': 5.0}, 'ratings': {'0': 6.0, '2': 6.18, '5': 6.18, '6': 6.27, '7': 6.27, '8': 6.28, '10': 6.24, '16': 6.25, '19': 6.58, '21': 6.78, '24': 6.78, '25': 6.78, '29': 6.78, '30': 6.79, '31': 6.76, '38': 6.76, '39': 6.74, '40': 6.72, '41': 6.67, '44': 6.68, '47': 6.68, '48': 7.14, '50': 7.13, '52': 7.12, '53': 7.12, '56': 7.13, '57': 7.14, '58': 7.14, '59': 7.15, '60': 7.11, '61': 7.1, '62': 7.08, '63': 7.09, '65': 7.07, '70': 7.27, '72': 7.28, '74': 7.21, '75': 7.21, '80': 7.22, '81': 7.22, '82': 8.22}, 'shotsTotal': {'19': 1.0, '65': 1.0, '82': 1.0}, 'shotsOnTarget': {'19': 1.0, '82': 1.0}, 'shotsOffTarget': {'65': 1.0}, 'touches': {'2': 4.0, '5': 1.0, '6': 3.0, '7': 1.0, '8': 1.0, '10': 1.0, '16': 1.0, '19': 3.0, '21': 1.0, '24': 1.0, '25': 1.0, '29': 1.0, '30': 1.0, '31': 2.0, '38': 1.0, '39': 3.0, '40': 2.0, '41': 2.0, '44': 2.0, '47': 1.0, '48': 1.0, '50': 1.0, '52': 1.0, '53': 1.0, '56': 5.0, '57': 1.0, '58': 1.0, '59': 2.0, '60': 1.0, '61': 1.0, '62': 1.0, '63': 4.0, '65': 1.0, '72': 3.0, '75': 1.0, '80': 3.0, '81': 7.0, '82': 1.0}, 'passesTotal': {'2': 3.0, '5': 1.0, '6': 3.0, '7': 1.0, '8': 1.0, '16': 1.0, '19': 1.0, '21': 1.0, '24': 1.0, '25': 1.0, '29': 1.0, '30': 1.0, '31': 1.0, '38': 1.0, '39': 2.0, '44': 2.0, '47': 1.0, '48': 1.0, '53': 1.0, '56': 5.0, '57': 1.0, '58': 1.0, '59': 2.0, '63': 4.0, '72': 3.0, '75': 1.0, '80': 3.0, '81': 5.0, '50': 1.0, '52': 1.0}, 'passesAccurate': {'2': 3.0, '5': 1.0, '6': 3.0, '7': 1.0, '8': 1.0, '16': 1.0, '19': 1.0, '21': 1.0, '24': 1.0, '25': 1.0, '29': 1.0, '30': 1.0, '31': 1.0, '38': 1.0, '39': 1.0, '44': 2.0, '47': 1.0, '48': 1.0, '53': 1.0, '56': 4.0, '57': 1.0, '58': 1.0, '59': 2.0, '63': 4.0, '72': 3.0, '75': 1.0, '80': 3.0, '81': 4.0}, 'passesKey': {'6': 1.0, '21': 1.0, '48': 1.0}, 'passSuccess': {'2': 100.0, '5': 100.0, '6': 100.0, '7': 100.0, '8': 100.0, '16': 100.0, '19': 100.0, '21': 100.0, '24': 100.0, '25': 100.0, '29': 100.0, '30': 100.0, '31': 100.0, '38': 100.0, '39': 50.0, '44': 100.0, '47': 100.0, '48': 100.0, '53': 100.0, '56': 80.0, '57': 100.0, '58': 100.0, '59': 100.0, '63': 100.0, '72': 100.0, '75': 100.0, '80': 100.0, '81': 80.0, '50': 0.0, '52': 0.0}, 'dribblesWon': {'2': 1.0, '19': 1.0}, 'dribblesAttempted': {'2': 1.0, '19': 1.0, '39': 1.0, '40': 1.0, '41': 1.0, '61': 1.0, '62': 1.0, '81': 1.0}, 'dribblesLost': {'39': 1.0, '40': 1.0, '41': 1.0, '61': 1.0, '62': 1.0, '81': 1.0}, 'dribbleSuccess': {'2': 100.0, '19': 100.0, '39': 0.0, '40': 0.0, '41': 0.0, '61': 0.0, '62': 0.0, '81': 0.0}, 'dispossessed': {'10': 1.0, '41': 1.0}}",347862.0,"{'value': 2, 'displayName': 'SecondHalf'}",84.0,,,,52
347862,11,Rodrygo,Sub,174,64,24,,False,home,"{'possession': {'85': 2.0, '86': 1.0, '88': 1.0, '89': 1.0, '90': 1.0, '93': 2.0, '95': 1.0}, 'ratings': {'84': 6.0, '85': 6.0, '86': 6.01, '88': 6.02, '89': 6.02, '90': 5.99, '91': 6.07, '93': 6.16, '94': 6.18, '95': 6.19}, 'touches': {'85': 2.0, '86': 1.0, '88': 1.0, '89': 1.0, '90': 2.0, '91': 1.0, '93': 3.0, '94': 2.0, '95': 1.0}, 'passesTotal': {'85': 2.0, '86': 1.0, '88': 1.0, '89': 1.0, '90': 1.0, '93': 2.0, '95': 1.0}, 'passesAccurate': {'85': 2.0, '86': 1.0, '88': 1.0, '89': 1.0, '90': 1.0, '93': 2.0, '95': 1.0}, 'passesKey': {'93': 1.0}, 'passSuccess': {'85': 100.0, '86': 100.0, '88': 100.0, '89': 100.0, '90': 100.0, '93': 100.0, '95': 100.0}, 'tacklesTotal': {'91': 1.0}, 'tackleSuccessful': {'91': 1.0}, 'tackleSuccess': {'91': 100.0}, 'dribblesAttempted': {'94': 1.0}, 'dribblesLost': {'94': 1.0}}",,,,"{'value': 2, 'displayName': 'SecondHalf'}",84.0,300713.0,52
369109,6,Eduardo Camavinga,Sub,182,68,22,,False,home,"{'possession': {'66': 1.0, '68': 1.0, '69': 1.0, '71': 1.0, '72': 2.0, '73': 1.0, '78': 1.0, '79': 3.0, '80': 2.0, '85': 4.0, '86': 1.0, '88': 3.0, '89': 1.0, '90': 1.0, '93': 1.0}, 'ratings': {'65': 6.0, '66': 6.08, '68': 6.08, '69': 6.08, '70': 6.18, '71': 6.18, '72': 6.19, '73': 6.19, '74': 6.09, '76': 6.06, '78': 6.19, '79': 6.19, '80': 6.2, '81': 6.33, '82': 6.43, '85': 6.44, '86': 6.43, '88': 6.44, '89': 6.44, '90': 6.44, '93': 6.43, '94': 6.48}, 'shotsTotal': {'93': 1.0}, 'shotsOffTarget': {'93': 1.0}, 'touches': {'66': 1.0, '68': 1.0, '69': 1.0, '71': 1.0, '72': 3.0, '73': 1.0, '78': 2.0, '79': 4.0, '80': 2.0, '81': 1.0, '85': 4.0, '86': 1.0, '88': 3.0, '89': 1.0, '90': 1.0, '93': 2.0, '94': 1.0}, 'passesTotal': {'68': 1.0, '69': 1.0, '71': 1.0, '72': 2.0, '73': 1.0, '78': 1.0, '79': 3.0, '80': 2.0, '85': 4.0, '88': 3.0, '89': 1.0, '90': 1.0, '93': 1.0, '66': 1.0, '86': 1.0}, 'passesAccurate': {'68': 1.0, '69': 1.0, '71': 1.0, '72': 2.0, '73': 1.0, '78': 1.0, '79': 3.0, '80': 2.0, '85': 4.0, '88': 3.0, '89': 1.0, '90': 1.0, '93': 1.0}, 'passSuccess': {'68': 100.0, '69': 100.0, '71': 100.0, '72': 100.0, '73': 100.0, '78': 100.0, '79': 100.0, '80': 100.0, '85': 100.0, '88': 100.0, '89': 100.0, '90': 100.0, '93': 100.0, '66': 0.0, '86': 0.0}, 'aerialsTotal': {'66': 1.0}, 'aerialsWon': {'66': 1.0}, 'defensiveAerials': {'66': 1.0}, 'cornersTotal': {'79': 1.0}, 'tacklesTotal': {'78': 1.0, '81': 1.0, '94': 2.0, '76': 1.0}, 'tackleSuccessful': {'78': 1.0, '81': 1.0, '94': 1.0}, 'tackleUnsuccesful': {'76': 1.0, '94': 1.0}, 'tackleSuccess': {'78': 100.0, '81': 100.0, '94': 50.0, '76': 0.0}, 'dribbledPast': {'76': 1.0, '94': 1.0}, 'dribblesAttempted': {'79': 1.0}, 'dribblesLost': {'79': 1.0}}",,,,"{'value': 2, 'displayName': 'SecondHalf'}",65.0,144890.0,52
317541,21,Brahim Diaz,Sub,171,59,26,,False,home,"{'possession': {'80': 3.0, '81': 1.0, '82': 1.0, '85': 1.0, '87': 1.0, '88': 1.0, '89': 2.0, '90': 2.0, '92': 2.0}, 'ratings': {'76': 6.0, '80': 6.01, '81': 6.01, '82': 6.73, '85': 6.73, '86': 6.71, '87': 6.71, '88': 6.71, '89': 6.71, '90': 6.72, '92': 6.72}, 'shotsTotal': {'91': 1.0}, 'shotsBlocked': {'91': 1.0}, 'touches': {'80': 3.0, '81': 1.0, '82': 1.0, '85': 1.0, '87': 2.0, '88': 1.0, '89': 2.0, '90': 2.0, '91': 2.0, '92': 2.0}, 'passesTotal': {'80': 3.0, '82': 1.0, '85': 1.0, '88': 1.0, '89': 2.0, '90': 2.0, '92': 1.0, '81': 1.0, '87': 1.0}, 'passesAccurate': {'80': 3.0, '82': 1.0, '85': 1.0, '88': 1.0, '89': 2.0, '90': 2.0, '92': 1.0}, 'passesKey': {'82': 1.0}, 'passSuccess': {'80': 100.0, '82': 100.0, '85': 100.0, '88': 100.0, '89': 100.0, '90': 100.0, '92': 100.0, '81': 0.0, '87': 0.0}, 'cornersTotal': {'91': 1.0}, 'cornersAccurate': {'92': 1.0}, 'throwInAccuracy': {'91': 0.0}, 'foulsCommited': {'86': 1.0}}",,,,"{'value': 2, 'displayName': 'SecondHalf'}",76.0,514810.0,52
379868,5,Jude Bellingham,Sub,186,75,22,,False,home,"{'possession': {'69': 1.0, '71': 1.0, '73': 2.0, '78': 1.0, '80': 4.0, '81': 1.0, '86': 1.0, '88': 1.0, '90': 1.0, '91': 1.0, '93': 1.0, '94': 1.0}, 'ratings': {'65': 6.0, '66': 5.98, '69': 5.99, '70': 6.09, '71': 6.09, '73': 6.44, '74': 6.34, '75': 6.3, '78': 6.3, '80': 6.32, '81': 6.41, '82': 6.51, '86': 6.5, '88': 6.47, '90': 6.47, '91': 6.52, '93': 6.78, '94': 6.79}, 'shotsTotal': {'73': 2.0, '95': 1.0}, 'shotsOnTarget': {'73': 2.0}, 'shotsBlocked': {'95': 1.0}, 'touches': {'69': 1.0, '71': 1.0, '73': 5.0, '75': 1.0, '78': 1.0, '80': 4.0, '81': 2.0, '86': 1.0, '88': 3.0, '90': 1.0, '91': 2.0, '93': 2.0, '94': 1.0, '95': 1.0}, 'passesTotal': {'69': 1.0, '71': 1.0, '73': 2.0, '78': 1.0, '80': 4.0, '81': 1.0, '88': 1.0, '90': 1.0, '91': 1.0, '94': 1.0, '86': 1.0}, 'passesAccurate': {'69': 1.0, '71': 1.0, '73': 2.0, '78': 1.0, '80': 4.0, '81': 1.0, '88': 1.0, '90': 1.0, '91': 1.0, '94': 1.0}, 'passesKey': {'91': 1.0}, 'passSuccess': {'69': 100.0, '71': 100.0, '73': 100.0, '78': 100.0, '80': 100.0, '81': 100.0, '88': 100.0, '90': 100.0, '91': 100.0, '94': 100.0, '86': 0.0}, 'foulsCommited': {'66': 1.0}, 'tacklesTotal': {'73': 1.0, '81': 1.0}, 'tackleSuccessful': {'73': 1.0, '81': 1.0}, 'tackleSuccess': {'73': 100.0, '81': 100.0}, 'dribblesWon': {'93': 1.0}, 'dribblesAttempted': {'93': 1.0}, 'dribbleSuccess': {'93': 100.0}, 'dispossessed': {'88': 1.0, '91': 1.0}}",,,,"{'value': 2, 'displayName': 'SecondHalf'}",65.0,415181.0,52
39722,4,David Alaba,Sub,180,78,33,,False,home,{},,,,,,,52
498798,16,Gonzalo Garcia,Sub,182,74,21,,False,home,{},,,,,,,52
534899,17,Raul Asencio,Sub,184,79,22,,False,home,{},,,,,,,52
345031,13,Andrii Lunin,Sub,191,80,26,,False,home,{},,,,,,,52
422957,20,Fran Garcia,Sub,169,63,26,,False,home,{},,,,,,,52
445649,9,Endrick,Sub,173,66,19,,False,home,{},,,,,,,52
456502,43,Sergio Mestre,Sub,193,80,20,,False,home,{},,,,,,,52
396147,25,Arnau Tenas,GK,185,85,24,True,False,away,"{'totalSaves': {'19': 1.0, '73': 2.0, '81': 1.0}, 'parriedSafe': {'81': 1.0}, 'parriedDanger': {'73': 2.0}, 'possession': {'0': 1.0, '7': 1.0, '9': 2.0, '17': 2.0, '19': 1.0, '20': 1.0, '21': 1.0, '22': 1.0, '24': 1.0, '25': 1.0, '27': 1.0, '34': 1.0, '37': 1.0, '45': 1.0, '49': 1.0, '51': 1.0, '53': 1.0, '58': 1.0, '63': 1.0, '66': 2.0, '67': 2.0, '71': 1.0, '72': 1.0, '78': 1.0, '79': 1.0, '86': 1.0, '93': 1.0}, 'ratings': {'0': 5.99, '7': 5.98, '9': 5.98, '17': 5.99, '19': 6.36, '20': 6.35, '21': 6.35, '22': 6.34, '24': 6.32, '25': 6.33, '27': 6.34, '34': 6.34, '37': 6.34, '45': 6.32, '48': 6.06, '49': 6.05, '51': 6.04, '53': 6.02, '58': 6.03, '63': 6.02, '66': 6.02, '67': 6.02, '70': 5.75, '71': 5.74, '72': 5.75, '73': 6.32, '74': 6.37, '77': 6.38, '78': 6.39, '79': 6.41, '81': 6.61, '82': 6.34, '86': 6.34, '93': 6.33}, 'touches': {'0': 1.0, '7': 1.0, '9': 2.0, '17': 2.0, '19': 2.0, '20': 1.0, '21': 1.0, '22': 1.0, '24': 1.0, '25': 1.0, '27': 1.0, '34': 1.0, '37': 1.0, '45': 1.0, '49': 1.0, '51': 1.0, '53': 1.0, '58': 1.0, '63': 1.0, '66': 2.0, '67': 2.0, '71': 1.0, '72': 1.0, '73': 2.0, '78': 1.0, '79': 1.0, '81': 1.0, '86': 1.0, '93': 1.0}, 'passesTotal': {'9': 2.0, '17': 2.0, '21': 1.0, '25': 1.0, '27': 1.0, '34': 1.0, '58': 1.0, '66': 2.0, '67': 2.0, '72': 1.0, '78': 1.0, '79': 1.0, '86': 1.0, '0': 1.0, '7': 1.0, '19': 1.0, '20': 1.0, '22': 1.0, '24': 1.0, '37': 1.0, '45': 1.0, '49': 1.0, '51': 1.0, '53': 1.0, '63': 1.0, '71': 1.0, '93': 1.0}, 'passesAccurate': {'9': 2.0, '17': 2.0, '21': 1.0, '25': 1.0, '27': 1.0, '34': 1.0, '58': 1.0, '66': 1.0, '67': 2.0, '72': 1.0, '78': 1.0, '79': 1.0, '86': 1.0}, 'passSuccess': {'9': 100.0, '17': 100.0, '21': 100.0, '25': 100.0, '27': 100.0, '34': 100.0, '58': 100.0, '66': 50.0, '67': 100.0, '72': 100.0, '78': 100.0, '79': 100.0, '86': 100.0, '0': 0.0, '7': 0.0, '19': 0.0, '20': 0.0, '22': 0.0, '24': 0.0, '37': 0.0, '45': 0.0, '49': 0.0, '51': 0.0, '53': 0.0, '63': 0.0, '71': 0.0, '93': 0.0}}",,,,,,,839
448936,15,Santiago Mourino,DR,186,76,23,True,False,away,"{'possession': {'10': 2.0, '15': 1.0, '16': 1.0, '19': 1.0, '21': 1.0, '30': 1.0, '37': 1.0, '39': 1.0, '42': 2.0, '43': 1.0, '53': 1.0, '55': 1.0, '62': 1.0, '66': 1.0, '67': 1.0, '72': 1.0, '76': 1.0}, 'ratings': {'0': 6.13, '2': 6.27, '7': 6.23, '10': 6.24, '11': 6.29, '12': 6.42, '15': 6.42, '16': 6.43, '18': 6.46, '19': 6.45, '20': 6.43, '21': 6.08, '29': 6.13, '30': 6.23, '37': 6.22, '39': 6.36, '42': 6.34, '43': 6.44, '48': 6.24, '53': 6.24, '55': 6.24, '62': 6.24, '66': 6.28, '67': 6.28, '70': 6.11, '72': 6.12, '73': 6.2, '74': 6.28, '76': 6.28, '78': 4.93}, 'clearances': {'29': 1.0}, 'interceptions': {'43': 1.0}, 'touches': {'0': 1.0, '1': 1.0, '2': 1.0, '10': 2.0, '11': 1.0, '12': 1.0, '13': 1.0, '15': 1.0, '16': 1.0, '18': 1.0, '19': 1.0, '21': 1.0, '29': 1.0, '30': 2.0, '32': 1.0, '37': 1.0, '39': 3.0, '42': 2.0, '43': 2.0, '44': 1.0, '51': 1.0, '53': 1.0, '55': 1.0, '61': 1.0, '62': 1.0, '66': 2.0, '67': 1.0, '72': 1.0, '73': 1.0, '76': 1.0}, 'passesTotal': {'10': 2.0, '15': 1.0, '16': 1.0, '30': 1.0, '39': 1.0, '42': 2.0, '43': 1.0, '53': 1.0, '62': 1.0, '66': 1.0, '67': 1.0, '72': 1.0, '76': 1.0, '19': 1.0, '21': 1.0, '37': 1.0, '55': 1.0}, 'passesAccurate': {'10': 2.0, '15': 1.0, '16': 1.0, '30': 1.0, '39': 1.0, '42': 2.0, '43': 1.0, '53': 1.0, '62': 1.0, '66': 1.0, '67': 1.0, '72': 1.0, '76': 1.0}, 'passSuccess': {'10': 100.0, '15': 100.0, '16': 100.0, '30': 100.0, '39': 100.0, '42': 100.0, '43': 100.0, '53': 100.0, '62': 100.0, '66': 100.0, '67': 100.0, '72': 100.0, '76': 100.0, '19': 0.0, '21': 0.0, '37': 0.0, '55': 0.0}, 'throwInsTotal': {'13': 1.0, '32': 1.0, '51': 1.0}, 'throwInsAccurate': {'13': 1.0, '32': 1.0, '51': 1.0}, 'foulsCommited': {'20': 1.0, '78': 1.0}, 'tacklesTotal': {'0': 1.0, '2': 1.0, '12': 1.0, '39': 1.0, '11': 2.0, '30': 1.0, '73': 1.0, '7': 1.0, '42': 1.0, '48': 1.0}, 'tackleSuccessful': {'0': 1.0, '2': 1.0, '12': 1.0, '39': 1.0, '11': 1.0, '30': 1.0, '73': 1.0}, 'tackleUnsuccesful': {'7': 1.0, '11': 1.0, '42': 1.0, '48': 1.0}, 'tackleSuccess': {'0': 100.0, '2': 100.0, '12': 100.0, '39': 100.0, '11': 50.0, '30': 100.0, '73': 100.0, '7': 0.0, '42': 0.0, '48': 0.0}, 'dribbledPast': {'7': 1.0, '11': 1.0, '42': 1.0, '48': 1.0}, 'errors': {'21': 1.0}}",,,,,,,839
434077,12,Renato Veiga,DC,190,88,22,True,False,away,"{'possession': {'10': 1.0, '13': 2.0, '14': 3.0, '15': 1.0, '17': 2.0, '29': 2.0, '30': 1.0, '33': 1.0, '34': 2.0, '43': 2.0, '50': 1.0, '53': 1.0, '58': 1.0, '61': 1.0, '63': 1.0, '67': 2.0, '73': 2.0, '76': 1.0, '77': 2.0, '83': 1.0, '86': 4.0, '90': 1.0, '91': 1.0, '92': 2.0, '94': 1.0, '95': 1.0}, 'ratings': {'0': 6.0, '4': 6.08, '10': 6.09, '13': 6.09, '14': 6.11, '15': 6.1, '17': 6.09, '21': 6.16, '22': 6.21, '29': 6.21, '30': 6.22, '31': 6.27, '33': 6.28, '34': 6.29, '36': 6.37, '43': 6.37, '48': 6.17, '50': 6.17, '53': 6.18, '57': 6.23, '58': 6.21, '60': 6.19, '61': 6.2, '63': 6.2, '67': 6.2, '70': 6.0, '73': 6.0, '74': 6.07, '76': 6.07, '77': 6.09, '82': 5.89, '83': 5.89, '86': 5.9, '90': 5.9, '91': 5.99, '92': 5.98, '93': 6.0, '94': 6.0, '95': 6.01}, 'clearances': {'22': 1.0, '31': 1.0, '57': 1.0, '93': 1.0}, 'touches': {'4': 1.0, '10': 1.0, '13': 2.0, '14': 3.0, '15': 1.0, '17': 2.0, '21': 1.0, '22': 1.0, '29': 2.0, '30': 1.0, '31': 1.0, '33': 1.0, '34': 2.0, '36': 1.0, '43': 2.0, '50': 1.0, '53': 1.0, '57': 1.0, '58': 1.0, '61': 1.0, '63': 1.0, '67': 2.0, '73': 2.0, '76': 1.0, '77': 2.0, '81': 1.0, '83': 1.0, '86': 4.0, '90': 1.0, '91': 2.0, '92': 2.0, '93': 1.0, '94': 1.0, '95': 1.0}, 'passesTotal': {'10': 1.0, '13': 2.0, '14': 3.0, '17': 2.0, '29': 2.0, '30': 1.0, '33': 1.0, '34': 2.0, '43': 2.0, '50': 1.0, '53': 1.0, '61': 1.0, '63': 1.0, '67': 2.0, '73': 2.0, '76': 1.0, '77': 2.0, '83': 1.0, '86': 4.0, '90': 1.0, '91': 1.0, '92': 2.0, '94': 1.0, '95': 1.0, '15': 1.0, '58': 1.0}, 'passesAccurate': {'10': 1.0, '13': 2.0, '14': 3.0, '17': 1.0, '29': 2.0, '30': 1.0, '33': 1.0, '34': 2.0, '43': 2.0, '50': 1.0, '53': 1.0, '61': 1.0, '63': 1.0, '67': 2.0, '73': 2.0, '76': 1.0, '77': 2.0, '83': 1.0, '86': 4.0, '90': 1.0, '91': 1.0, '92': 1.0, '94': 1.0, '95': 1.0}, 'passSuccess': {'10': 100.0, '13': 100.0, '14': 100.0, '17': 50.0, '29': 100.0, '30': 100.0, '33': 100.0, '34': 100.0, '43': 100.0, '50': 100.0, '53': 100.0, '61': 100.0, '63': 100.0, '67': 100.0, '73': 100.0, '76': 100.0, '77': 100.0, '83': 100.0, '86': 100.0, '90': 100.0, '91': 100.0, '92': 50.0, '94': 100.0, '95': 100.0, '15': 0.0, '58': 0.0}, 'aerialsTotal': {'21': 1.0}, 'defensiveAerials': {'21': 1.0}, 'foulsCommited': {'60': 1.0}, 'tacklesTotal': {'4': 1.0, '93': 1.0}, 'tackleSuccessful': {'4': 1.0}, 'tackleUnsuccesful': {'93': 1.0}, 'tackleSuccess': {'4': 100.0, '93': 0.0}, 'dribbledPast': {'93': 1.0}}",,,,,,,839
430301,4,Rafa Marin,DC,191,83,23,True,False,away,"{'possession': {'2': 1.0, '9': 1.0, '13': 1.0, '14': 2.0, '15': 1.0, '17': 1.0, '21': 1.0, '31': 1.0, '34': 1.0, '40': 1.0, '43': 1.0, '51': 1.0, '53': 1.0, '61': 1.0, '62': 1.0, '63': 1.0, '66': 2.0, '76': 1.0, '77': 2.0, '88': 1.0, '90': 1.0, '94': 1.0}, 'ratings': {'0': 6.0, '2': 6.04, '3': 6.09, '9': 6.1, '13': 6.1, '14': 6.1, '15': 6.11, '17': 6.11, '18': 6.16, '19': 6.13, '20': 6.18, '21': 6.18, '31': 6.17, '34': 6.17, '39': 6.3, '40': 6.4, '41': 6.45, '43': 6.45, '48': 6.3, '51': 6.29, '52': 6.34, '53': 6.34, '57': 6.39, '61': 6.8, '62': 6.97, '63': 6.97, '66': 6.98, '69': 6.54, '70': 6.34, '74': 6.41, '76': 6.41, '77': 6.42, '79': 6.55, '82': 6.35, '88': 6.44, '90': 6.44, '93': 6.49, '94': 6.48}, 'clearances': {'3': 1.0, '18': 1.0, '20': 1.0, '41': 1.0, '48': 1.0, '52': 1.0, '57': 1.0, '93': 1.0}, 'touches': {'2': 2.0, '3': 1.0, '9': 1.0, '13': 1.0, '14': 2.0, '15': 1.0, '17': 1.0, '18': 1.0, '20': 1.0, '21': 1.0, '31': 1.0, '34': 1.0, '39': 1.0, '40': 2.0, '41': 1.0, '43': 1.0, '48': 1.0, '51': 1.0, '52': 1.0, '53': 1.0, '57': 1.0, '61': 2.0, '62': 3.0, '63': 1.0, '66': 2.0, '76': 1.0, '77': 2.0, '79': 1.0, '88': 2.0, '90': 1.0, '93': 1.0, '94': 1.0}, 'passesTotal': {'9': 1.0, '13': 1.0, '14': 2.0, '15': 1.0, '17': 1.0, '21': 1.0, '34': 1.0, '40': 1.0, '43': 1.0, '53': 1.0, '61': 1.0, '62': 1.0, '63': 1.0, '66': 2.0, '76': 1.0, '77': 2.0, '88': 1.0, '90': 1.0, '94': 1.0, '2': 1.0, '31': 1.0, '51': 1.0}, 'passesAccurate': {'9': 1.0, '13': 1.0, '14': 2.0, '15': 1.0, '17': 1.0, '21': 1.0, '34': 1.0, '40': 1.0, '43': 1.0, '53': 1.0, '61': 1.0, '62': 1.0, '63': 1.0, '66': 2.0, '76': 1.0, '77': 2.0, '88': 1.0, '90': 1.0, '94': 1.0}, 'passSuccess': {'9': 100.0, '13': 100.0, '14': 100.0, '15': 100.0, '17': 100.0, '21': 100.0, '34': 100.0, '40': 100.0, '43': 100.0, '53': 100.0, '61': 100.0, '62': 100.0, '63': 100.0, '66': 100.0, '76': 100.0, '77': 100.0, '88': 100.0, '90': 100.0, '94': 100.0, '2': 0.0, '31': 0.0, '51': 0.0}, 'foulsCommited': {'69': 1.0, '94': 1.0}, 'tacklesTotal': {'39': 1.0, '61': 1.0, '79': 1.0, '2': 2.0, '40': 1.0, '62': 2.0, '88': 1.0, '19': 1.0}, 'tackleSuccessful': {'39': 1.0, '61': 1.0, '79': 1.0, '2': 1.0, '40': 1.0, '62': 2.0, '88': 1.0}, 'tackleUnsuccesful': {'2': 1.0, '19': 1.0}, 'tackleSuccess': {'39': 100.0, '61': 100.0, '79': 100.0, '2': 50.0, '40': 100.0, '62': 100.0, '88': 100.0, '19': 0.0}, 'dribbledPast': {'2': 1.0, '19': 1.0}}",,,,,,,839
448209,23,Sergi Cardona,DL,185,77,26,True,False,away,"{'possession': {'5': 1.0, '9': 1.0, '13': 1.0, '14': 1.0, '15': 1.0, '28': 1.0, '30': 2.0, '39': 1.0, '43': 1.0, '54': 1.0, '59': 1.0, '61': 1.0, '63': 1.0, '67': 1.0, '68': 1.0, '73': 1.0, '74': 1.0, '75': 2.0, '86': 2.0, '87': 1.0, '88': 1.0, '90': 1.0, '92': 2.0, '93': 1.0}, 'ratings': {'0': 6.0, '4': 6.15, '5': 6.14, '9': 6.14, '10': 6.11, '11': 5.96, '13': 5.96, '14': 5.97, '15': 5.97, '17': 5.95, '28': 5.94, '30': 5.95, '38': 6.0, '39': 6.21, '43': 6.21, '45': 6.24, '48': 6.08, '50': 6.11, '54': 6.2, '56': 6.21, '59': 6.22, '61': 6.22, '63': 6.22, '64': 6.27, '67': 6.26, '68': 6.26, '70': 6.09, '73': 6.14, '74': 6.23, '75': 6.37, '81': 6.34, '82': 6.17, '86': 6.17, '87': 6.17, '88': 6.17, '90': 6.17, '92': 6.23, '93': 6.23}, 'clearances': {'38': 1.0, '64': 1.0, '73': 1.0, '92': 1.0}, 'interceptions': {'39': 1.0}, 'touches': {'4': 2.0, '5': 2.0, '9': 1.0, '10': 1.0, '13': 1.0, '14': 1.0, '15': 1.0, '17': 1.0, '28': 1.0, '30': 2.0, '38': 1.0, '39': 2.0, '43': 1.0, '45': 1.0, '50': 2.0, '53': 1.0, '54': 3.0, '56': 1.0, '58': 1.0, '59': 1.0, '61': 1.0, '63': 1.0, '64': 2.0, '67': 2.0, '68': 2.0, '73': 2.0, '74': 1.0, '75': 3.0, '76': 1.0, '81': 1.0, '86': 4.0, '87': 2.0, '88': 1.0, '90': 1.0, '92': 3.0, '93': 1.0, '95': 1.0}, 'passesTotal': {'9': 1.0, '13': 1.0, '14': 1.0, '15': 1.0, '30': 2.0, '39': 1.0, '43': 1.0, '59': 1.0, '61': 1.0, '63': 1.0, '68': 1.0, '73': 1.0, '74': 1.0, '75': 1.0, '86': 2.0, '87': 1.0, '88': 1.0, '90': 1.0, '92': 2.0, '93': 1.0, '5': 1.0, '54': 1.0, '67': 1.0}, 'passesAccurate': {'9': 1.0, '13': 1.0, '14': 1.0, '15': 1.0, '30': 2.0, '39': 1.0, '43': 1.0, '59': 1.0, '61': 1.0, '63': 1.0, '68': 1.0, '73': 1.0, '74': 1.0, '75': 1.0, '86': 2.0, '87': 1.0, '88': 1.0, '90': 1.0, '92': 2.0, '93': 1.0}, 'passSuccess': {'9': 100.0, '13': 100.0, '14': 100.0, '15': 100.0, '30': 100.0, '39': 100.0, '43': 100.0, '59': 100.0, '61': 100.0, '63': 100.0, '68': 100.0, '73': 100.0, '74': 100.0, '75': 100.0, '86': 100.0, '87': 100.0, '88': 100.0, '90': 100.0, '92': 100.0, '93': 100.0, '5': 0.0, '54': 0.0, '67': 0.0}, 'throwInsTotal': {'5': 1.0, '50': 1.0, '53': 1.0, '54': 1.0, '58': 1.0, '67': 1.0, '68': 1.0, '76': 1.0, '87': 1.0, '95': 1.0}, 'throwInsAccurate': {'5': 1.0, '50': 1.0, '53': 1.0, '54': 1.0, '58': 1.0, '67': 1.0, '68': 1.0, '76': 1.0, '95': 1.0}, 'foulsCommited': {'4': 1.0, '11': 1.0}, 'tacklesTotal': {'54': 2.0, '75': 1.0, '4': 2.0, '11': 1.0, '56': 1.0}, 'tackleSuccessful': {'54': 1.0, '75': 1.0, '4': 2.0}, 'tackleUnsuccesful': {'11': 1.0, '54': 1.0, '56': 1.0}, 'tackleSuccess': {'54': 50.0, '75': 100.0, '4': 100.0, '11': 0.0, '56': 0.0}, 'dribbledPast': {'11': 1.0, '54': 1.0, '56': 1.0}, 'dribblesAttempted': {'17': 1.0, '86': 1.0}, 'dribblesLost': {'17': 1.0, '86': 1.0}, 'dispossessed': {'81': 1.0}}",,,,,,,839
371027,17,Tajon Buchanan,MR,183,68,26,True,False,away,"{'possession': {'5': 1.0, '6': 1.0, '9': 1.0, '10': 2.0, '15': 1.0, '16': 1.0, '29': 1.0, '31': 1.0, '32': 1.0, '37': 1.0, '39': 1.0, '42': 1.0}, 'ratings': {'0': 6.0, '5': 5.97, '6': 5.95, '9': 5.95, '10': 5.96, '15': 5.96, '16': 5.97, '29': 6.11, '31': 6.09, '32': 6.25, '37': 6.24, '39': 6.24, '42': 6.24, '47': 6.38}, 'touches': {'5': 2.0, '6': 2.0, '9': 1.0, '10': 2.0, '15': 1.0, '16': 1.0, '29': 2.0, '31': 3.0, '32': 2.0, '37': 1.0, '39': 1.0, '42': 1.0}, 'passesTotal': {'5': 1.0, '9': 1.0, '10': 2.0, '15': 1.0, '16': 1.0, '29': 1.0, '32': 1.0, '37': 1.0, '39': 1.0, '42': 1.0, '6': 1.0, '31': 1.0}, 'passesAccurate': {'5': 1.0, '9': 1.0, '10': 2.0, '15': 1.0, '16': 1.0, '29': 1.0, '32': 1.0, '37': 1.0, '39': 1.0, '42': 1.0}, 'passSuccess': {'5': 100.0, '9': 100.0, '10': 100.0, '15': 100.0, '16': 100.0, '29': 100.0, '32': 100.0, '37': 100.0, '39': 100.0, '42': 100.0, '6': 0.0, '31': 0.0}, 'aerialsTotal': {'37': 1.0}, 'offensiveAerials': {'37': 1.0}, 'tacklesTotal': {'29': 1.0}, 'tackleSuccessful': {'29': 1.0}, 'tackleSuccess': {'29': 100.0}, 'dribblesWon': {'32': 1.0}, 'dribblesAttempted': {'32': 1.0, '6': 1.0, '31': 1.0}, 'dribblesLost': {'6': 1.0, '31': 1.0}, 'dribbleSuccess': {'32': 100.0, '6': 0.0, '31': 0.0}, 'dispossessed': {'5': 1.0}}",239872.0,"{'value': 2, 'displayName': 'SecondHalf'}",47.0,,,,839
238940,16,Thomas Partey,MC,185,77,32,True,False,away,"{'possession': {'9': 1.0, '10': 2.0, '13': 2.0, '14': 2.0, '15': 2.0, '17': 2.0, '21': 1.0, '30': 3.0, '32': 2.0, '33': 2.0, '34': 1.0, '37': 1.0, '43': 1.0, '49': 1.0, '53': 1.0, '59': 1.0, '60': 1.0, '61': 2.0, '75': 1.0, '77': 1.0, '81': 2.0, '83': 1.0, '86': 1.0, '89': 1.0, '92': 1.0, '93': 1.0, '94': 4.0}, 'ratings': {'0': 6.0, '8': 6.08, '9': 6.08, '10': 6.09, '13': 6.25, '14': 6.26, '15': 6.27, '17': 6.27, '21': 6.27, '24': 6.23, '29': 6.32, '30': 6.33, '32': 6.29, '33': 6.29, '34': 6.29, '37': 6.29, '41': 6.42, '42': 6.41, '43': 6.42, '48': 6.28, '49': 6.29, '51': 6.27, '53': 6.27, '59': 6.28, '60': 6.27, '61': 6.27, '67': 6.37, '70': 6.24, '74': 6.35, '75': 6.36, '77': 6.37, '81': 6.37, '82': 6.24, '83': 6.24, '86': 6.23, '89': 6.32, '91': 6.37, '92': 6.37, '93': 6.38, '94': 6.39, '95': 6.47}, 'shotsTotal': {'29': 1.0, '75': 1.0}, 'shotsBlocked': {'29': 1.0, '75': 1.0}, 'interceptions': {'67': 1.0}, 'touches': {'8': 1.0, '9': 1.0, '10': 2.0, '13': 3.0, '14': 2.0, '15': 2.0, '17': 2.0, '21': 1.0, '24': 2.0, '29': 2.0, '30': 3.0, '32': 3.0, '33': 2.0, '34': 1.0, '37': 1.0, '38': 1.0, '41': 1.0, '42': 1.0, '43': 1.0, '49': 1.0, '53': 1.0, '56': 1.0, '59': 1.0, '60': 1.0, '61': 3.0, '67': 1.0, '75': 2.0, '77': 1.0, '81': 2.0, '83': 1.0, '86': 1.0, '89': 1.0, '91': 2.0, '92': 1.0, '93': 1.0, '94': 4.0, '95': 2.0}, 'passesTotal': {'9': 1.0, '10': 2.0, '13': 2.0, '14': 2.0, '15': 2.0, '17': 2.0, '21': 1.0, '30': 3.0, '32': 2.0, '33': 2.0, '34': 1.0, '37': 1.0, '43': 1.0, '49': 1.0, '53': 1.0, '59': 1.0, '61': 2.0, '75': 1.0, '77': 1.0, '81': 2.0, '83': 1.0, '89': 1.0, '92': 1.0, '93': 1.0, '94': 4.0, '60': 1.0, '86': 1.0}, 'passesAccurate': {'9': 1.0, '10': 1.0, '13': 1.0, '14': 2.0, '15': 2.0, '17': 2.0, '21': 1.0, '30': 3.0, '32': 1.0, '33': 1.0, '34': 1.0, '37': 1.0, '43': 1.0, '49': 1.0, '53': 1.0, '59': 1.0, '61': 2.0, '75': 1.0, '77': 1.0, '81': 2.0, '83': 1.0, '89': 1.0, '92': 1.0, '93': 1.0, '94': 4.0}, 'passesKey': {'89': 1.0}, 'passSuccess': {'9': 100.0, '10': 50.0, '13': 50.0, '14': 100.0, '15': 100.0, '17': 100.0, '21': 100.0, '30': 100.0, '32': 50.0, '33': 50.0, '34': 100.0, '37': 100.0, '43': 100.0, '49': 100.0, '53': 100.0, '59': 100.0, '61': 100.0, '75': 100.0, '77': 100.0, '81': 100.0, '83': 100.0, '89': 100.0, '92': 100.0, '93': 100.0, '94': 100.0, '60': 0.0, '86': 0.0}, 'throwInsTotal': {'38': 1.0}, 'foulsCommited': {'51': 1.0}, 'tacklesTotal': {'41': 1.0, '29': 1.0, '91': 1.0}, 'tackleSuccessful': {'41': 1.0, '29': 1.0, '91': 1.0}, 'tackleSuccess': {'41': 100.0, '29': 100.0, '91': 100.0}, 'dribblesWon': {'13': 1.0}, 'dribblesAttempted': {'13': 1.0, '24': 1.0, '42': 1.0}, 'dribblesLost': {'24': 1.0, '42': 1.0}, 'dribbleSuccess': {'13': 100.0, '24': 0.0, '42': 0.0}, 'dispossessed': {'32': 1.0}}",,,,,,,839
362735,14,Santi Comesana,MC,188,75,29,True,False,away,"{'possession': {'0': 1.0, '2': 1.0, '5': 1.0, '9': 2.0, '13': 1.0, '14': 2.0, '15': 3.0, '16': 1.0, '24': 1.0, '29': 4.0, '40': 1.0, '41': 1.0, '43': 1.0, '49': 3.0, '50': 1.0, '55': 1.0, '60': 1.0, '61': 2.0, '67': 1.0, '75': 1.0, '77': 1.0, '81': 2.0, '83': 2.0}, 'ratings': {'0': 5.99, '2': 5.95, '3': 5.94, '5': 6.05, '9': 6.04, '10': 6.17, '11': 6.22, '13': 6.36, '14': 6.35, '15': 6.36, '16': 6.35, '17': 6.45, '24': 6.52, '26': 6.47, '29': 6.49, '40': 6.48, '41': 6.57, '42': 6.65, '43': 6.59, '48': 6.46, '49': 6.47, '50': 6.47, '51': 6.45, '55': 6.44, '57': 6.52, '59': 6.47, '60': 6.48, '61': 6.64, '66': 6.62, '67': 6.61, '70': 6.48, '74': 6.6, '75': 6.61, '77': 6.61, '81': 6.76, '82': 6.63, '83': 6.63, '86': 6.73}, 'clearances': {'11': 1.0}, 'interceptions': {'17': 1.0, '86': 1.0}, 'touches': {'0': 1.0, '2': 1.0, '5': 1.0, '6': 1.0, '9': 2.0, '10': 1.0, '11': 1.0, '13': 2.0, '14': 2.0, '15': 4.0, '16': 1.0, '17': 1.0, '24': 2.0, '26': 1.0, '29': 4.0, '39': 1.0, '40': 1.0, '41': 2.0, '42': 1.0, '43': 3.0, '49': 3.0, '50': 1.0, '55': 1.0, '57': 1.0, '58': 1.0, '59': 1.0, '60': 1.0, '61': 3.0, '67': 1.0, '73': 1.0, '75': 1.0, '77': 1.0, '81': 4.0, '83': 2.0, '86': 1.0}, 'passesTotal': {'5': 1.0, '9': 2.0, '13': 1.0, '14': 2.0, '15': 3.0, '24': 1.0, '29': 4.0, '41': 1.0, '43': 1.0, '49': 3.0, '60': 1.0, '61': 2.0, '75': 1.0, '77': 1.0, '81': 2.0, '83': 2.0, '0': 1.0, '2': 1.0, '40': 1.0, '50': 1.0, '55': 1.0, '67': 1.0}, 'passesAccurate': {'5': 1.0, '9': 1.0, '13': 1.0, '14': 1.0, '15': 3.0, '24': 1.0, '29': 4.0, '41': 1.0, '43': 1.0, '49': 3.0, '60': 1.0, '61': 2.0, '75': 1.0, '77': 1.0, '81': 2.0, '83': 2.0}, 'passesKey': {'61': 1.0}, 'passSuccess': {'5': 100.0, '9': 50.0, '13': 100.0, '14': 50.0, '15': 100.0, '24': 100.0, '29': 100.0, '41': 100.0, '43': 100.0, '49': 100.0, '60': 100.0, '61': 100.0, '75': 100.0, '77': 100.0, '81': 100.0, '83': 100.0, '0': 0.0, '2': 0.0, '40': 0.0, '50': 0.0, '55': 0.0, '67': 0.0}, 'aerialsTotal': {'24': 1.0, '51': 1.0, '66': 1.0}, 'offensiveAerials': {'51': 1.0, '66': 1.0}, 'defensiveAerials': {'24': 1.0}, 'foulsCommited': {'3': 1.0, '26': 1.0, '59': 1.0}, 'tacklesTotal': {'10': 1.0, '13': 1.0, '41': 1.0, '81': 2.0, '2': 1.0}, 'tackleSuccessful': {'10': 1.0, '13': 1.0, '41': 1.0, '81': 1.0}, 'tackleUnsuccesful': {'2': 1.0, '81': 1.0}, 'tackleSuccess': {'10': 100.0, '13': 100.0, '41': 100.0, '81': 50.0, '2': 0.0}, 'dribbledPast': {'2': 1.0, '81': 1.0}, 'dispossessed': {'43': 1.0, '61': 1.0}}",28186.0,"{'value': 2, 'displayName': 'SecondHalf'}",87.0,,,,839
399047,18,Pape Gueye,ML,189,79,26,True,False,away,"{'possession': {'3': 1.0, '5': 1.0, '9': 1.0, '10': 1.0, '14': 1.0, '19': 1.0, '29': 1.0, '30': 3.0, '41': 1.0, '42': 1.0, '43': 1.0, '54': 1.0, '59': 2.0, '61': 1.0, '63': 1.0, '68': 1.0, '73': 1.0, '74': 1.0}, 'ratings': {'0': 6.0, '3': 6.0, '5': 5.98, '9': 6.0, '10': 6.0, '14': 6.0, '19': 6.09, '29': 6.07, '30': 6.07, '35': 6.05, '41': 6.06, '42': 6.07, '43': 6.06, '48': 6.05, '50': 6.03, '54': 6.2, '59': 6.21, '61': 6.2, '63': 6.2, '68': 6.2, '70': 5.99, '73': 5.99, '74': 6.63}, 'shotsTotal': {'61': 1.0}, 'shotsBlocked': {'61': 1.0}, 'interceptions': {'48': 1.0}, 'touches': {'3': 1.0, '5': 1.0, '9': 1.0, '10': 1.0, '14': 2.0, '19': 1.0, '29': 3.0, '30': 3.0, '41': 1.0, '42': 1.0, '43': 1.0, '48': 1.0, '50': 2.0, '54': 2.0, '59': 2.0, '61': 2.0, '63': 1.0, '68': 1.0, '73': 1.0, '74': 1.0}, 'passesTotal': {'3': 1.0, '9': 1.0, '10': 1.0, '14': 1.0, '19': 1.0, '29': 1.0, '30': 2.0, '41': 1.0, '42': 1.0, '54': 1.0, '59': 2.0, '63': 1.0, '68': 1.0, '73': 1.0, '74': 1.0, '5': 1.0, '43': 1.0, '61': 1.0}, 'passesAccurate': {'3': 1.0, '9': 1.0, '10': 1.0, '14': 1.0, '19': 1.0, '29': 1.0, '30': 2.0, '41': 1.0, '42': 1.0, '54': 1.0, '59': 2.0, '63': 1.0, '68': 1.0, '73': 1.0, '74': 1.0}, 'passesKey': {'19': 1.0, '74': 1.0}, 'passSuccess': {'3': 100.0, '9': 100.0, '10': 100.0, '14': 100.0, '19': 100.0, '29': 100.0, '30': 100.0, '41': 100.0, '42': 100.0, '54': 100.0, '59': 100.0, '63': 100.0, '68': 100.0, '73': 100.0, '74': 100.0, '5': 0.0, '43': 0.0, '61': 0.0}, 'foulsCommited': {'35': 1.0}, 'dribblesWon': {'54': 1.0}, 'dribblesAttempted': {'54': 1.0, '29': 1.0, '50': 1.0}, 'dribblesLost': {'29': 1.0, '50': 1.0}, 'dribbleSuccess': {'54': 100.0, '29': 0.0, '50': 0.0}}",276489.0,"{'value': 2, 'displayName': 'SecondHalf'}",74.0,,,,839
445292,21,Tani Oluwaseyi,FW,191,80,25,True,False,away,"{'possession': {'3': 1.0, '5': 2.0, '6': 1.0, '15': 1.0, '29': 1.0, '34': 1.0, '39': 1.0, '41': 1.0, '68': 1.0, '71': 1.0, '81': 1.0}, 'ratings': {'0': 5.98, '3': 5.94, '5': 5.94, '6': 5.95, '15': 6.03, '19': 5.99, '20': 5.98, '29': 5.98, '34': 5.98, '39': 5.97, '40': 5.95, '41': 6.04, '48': 5.97, '49': 5.95, '60': 5.92, '63': 5.89, '66': 5.85, '68': 5.92, '70': 5.86, '71': 5.86, '74': 6.06, '81': 5.19, '82': 5.13}, 'shotsTotal': {'19': 1.0, '40': 1.0}, 'shotsOnTarget': {'40': 1.0}, 'shotsOffTarget': {'19': 1.0}, 'touches': {'3': 3.0, '5': 2.0, '6': 1.0, '15': 1.0, '19': 1.0, '29': 1.0, '34': 1.0, '39': 1.0, '40': 2.0, '41': 1.0, '60': 2.0, '66': 1.0, '68': 1.0, '71': 1.0, '81': 3.0}, 'passesTotal': {'3': 1.0, '5': 2.0, '6': 1.0, '29': 1.0, '34': 1.0, '41': 1.0, '71': 1.0, '81': 1.0, '15': 1.0, '39': 1.0, '68': 1.0}, 'passesAccurate': {'3': 1.0, '5': 2.0, '6': 1.0, '29': 1.0, '34': 1.0, '41': 1.0, '71': 1.0, '81': 1.0}, 'passesKey': {'41': 1.0}, 'passSuccess': {'3': 100.0, '5': 100.0, '6': 100.0, '29': 100.0, '34': 100.0, '41': 100.0, '71': 100.0, '81': 100.0, '15': 0.0, '39': 0.0, '68': 0.0}, 'aerialsTotal': {'15': 1.0, '68': 1.0, '0': 1.0, '3': 1.0, '19': 1.0, '20': 1.0, '49': 1.0}, 'aerialsWon': {'15': 1.0, '68': 1.0}, 'aerialSuccess': {'0': 0.0, '3': 0.0, '19': 0.0, '20': 0.0, '49': 0.0}, 'offensiveAerials': {'0': 1.0, '15': 1.0, '19': 1.0, '20': 1.0, '49': 1.0}, 'defensiveAerials': {'3': 1.0, '68': 1.0}, 'foulsCommited': {'40': 1.0}, 'tacklesTotal': {'63': 1.0}, 'tackleUnsuccesful': {'63': 1.0}, 'dribbledPast': {'63': 1.0}, 'dispossessed': {'60': 1.0, '81': 1.0}, 'errors': {'81': 1.0}}",448041.0,"{'value': 2, 'displayName': 'SecondHalf'}",83.0,,,,839
448211,20,Alberto Moleiro,FW,172,67,22,True,False,away,"{'possession': {'0': 1.0, '9': 1.0, '14': 1.0, '40': 1.0}, 'ratings': {'0': 6.0, '9': 5.99, '13': 5.98, '14': 5.98, '27': 6.01, '32': 6.05, '34': 6.01, '40': 6.3, '41': 6.27, '47': 6.32}, 'shotsTotal': {'41': 1.0}, 'shotsOffTarget': {'41': 1.0}, 'touches': {'0': 1.0, '9': 1.0, '13': 1.0, '14': 1.0, '27': 1.0, '32': 1.0, '34': 1.0, '40': 1.0, '41': 1.0}, 'passesTotal': {'0': 1.0, '14': 1.0, '40': 1.0, '9': 1.0}, 'passesAccurate': {'0': 1.0, '14': 1.0, '40': 1.0}, 'passesKey': {'40': 1.0}, 'passSuccess': {'0': 100.0, '14': 100.0, '40': 100.0, '9': 0.0}, 'dribblesAttempted': {'13': 1.0}, 'dribblesLost': {'13': 1.0}}",389020.0,"{'value': 2, 'displayName': 'SecondHalf'}",47.0,,,,839
389020,9,Georges Mikautadze,Sub,176,71,24,,False,away,"{'possession': {'54': 1.0, '58': 1.0, '59': 1.0, '61': 1.0, '63': 1.0, '75': 2.0, '80': 1.0, '83': 2.0, '86': 1.0, '88': 1.0, '89': 1.0}, 'ratings': {'47': 6.0, '48': 5.9, '54': 5.89, '58': 5.89, '59': 5.89, '61': 5.98, '63': 5.85, '70': 5.75, '74': 6.82, '75': 6.82, '78': 6.78, '80': 6.78, '82': 6.68, '83': 6.67, '86': 6.67, '88': 6.68, '89': 6.73, '91': 6.76, '92': 6.73}, 'shotsTotal': {'74': 1.0, '89': 1.0}, 'shotsOnTarget': {'74': 1.0}, 'shotsOffTarget': {'89': 1.0}, 'touches': {'54': 1.0, '58': 1.0, '59': 1.0, '61': 1.0, '63': 1.0, '74': 1.0, '75': 2.0, '78': 1.0, '80': 1.0, '83': 2.0, '86': 1.0, '88': 1.0, '89': 2.0, '91': 1.0, '92': 2.0}, 'passesTotal': {'59': 1.0, '61': 1.0, '63': 1.0, '75': 2.0, '83': 2.0, '88': 1.0, '89': 1.0, '54': 1.0, '58': 1.0, '80': 1.0, '86': 1.0}, 'passesAccurate': {'59': 1.0, '61': 1.0, '63': 1.0, '75': 1.0, '83': 1.0, '88': 1.0, '89': 1.0}, 'passesKey': {'61': 1.0}, 'passSuccess': {'59': 100.0, '61': 100.0, '63': 100.0, '75': 50.0, '83': 50.0, '88': 100.0, '89': 100.0, '54': 0.0, '58': 0.0, '80': 0.0, '86': 0.0}, 'throwInsTotal': {'92': 1.0}, 'throwInsAccurate': {'92': 1.0}, 'dispossessed': {'78': 1.0, '92': 1.0}}",,,,"{'value': 2, 'displayName': 'SecondHalf'}",47.0,448211.0,839
448041,3,Adria Alti,Sub,170,62,24,,False,away,"{'possession': {'86': 2.0, '88': 1.0, '90': 1.0, '91': 2.0, '94': 2.0}, 'ratings': {'83': 6.0, '86': 6.01, '88': 6.01, '90': 6.01, '91': 6.02, '94': 6.16}, 'touches': {'86': 2.0, '88': 1.0, '90': 1.0, '91': 2.0, '94': 3.0, '95': 1.0}, 'passesTotal': {'86': 2.0, '88': 1.0, '90': 1.0, '91': 2.0, '94': 2.0}, 'passesAccurate': {'86': 2.0, '88': 1.0, '90': 1.0, '91': 2.0, '94': 2.0}, 'passSuccess': {'86': 100.0, '88': 100.0, '90': 100.0, '91': 100.0, '94': 100.0}, 'tacklesTotal': {'94': 1.0}, 'tackleSuccessful': {'94': 1.0}, 'tackleSuccess': {'94': 100.0}}",,,,"{'value': 2, 'displayName': 'SecondHalf'}",83.0,445292.0,839
28186,10,Dani Parejo,Sub,182,74,36,,False,away,"{'possession': {'91': 3.0, '92': 1.0, '95': 1.0}, 'ratings': {'87': 6.0, '91': 5.97, '92': 5.97, '95': 5.97}, 'touches': {'91': 4.0, '92': 1.0, '95': 1.0}, 'passesTotal': {'91': 3.0, '92': 1.0, '95': 1.0}, 'passesAccurate': {'91': 2.0, '92': 1.0, '95': 1.0}, 'passSuccess': {'91': 66.67, '92': 100.0, '95': 100.0}, 'dispossessed': {'91': 1.0}}",,,,"{'value': 2, 'displayName': 'SecondHalf'}",87.0,362735.0,839
276489,24,Alfonso Pedraza,Sub,184,73,29,,False,away,"{'possession': {'86': 1.0, '88': 1.0, '89': 1.0, '91': 1.0, '94': 1.0, '95': 1.0}, 'ratings': {'74': 6.1, '81': 6.07, '82': 5.97, '86': 5.97, '87': 5.94, '88': 5.94, '89': 5.94, '90': 5.91, '91': 5.91, '94': 6.08, '95': 6.07}, 'touches': {'81': 1.0, '86': 1.0, '87': 2.0, '88': 1.0, '89': 1.0, '90': 1.0, '91': 1.0, '94': 2.0, '95': 1.0}, 'passesTotal': {'86': 1.0, '88': 1.0, '89': 1.0, '91': 1.0, '94': 1.0, '95': 1.0}, 'passesAccurate': {'86': 1.0, '88': 1.0, '89': 1.0, '91': 1.0, '94': 1.0}, 'passSuccess': {'86': 100.0, '88': 100.0, '89': 100.0, '91': 100.0, '94': 100.0, '95': 0.0}, 'dribblesWon': {'94': 1.0}, 'dribblesAttempted': {'94': 1.0}, 'dribbleSuccess': {'94': 100.0}, 'dispossessed': {'81': 1.0, '87': 1.0}}",,,,"{'value': 2, 'displayName': 'SecondHalf'}",74.0,399047.0,839
239872,19,Nicolas Pepe,Sub,183,73,30,,False,away,"{'possession': {'49': 2.0, '54': 1.0, '59': 1.0, '61': 1.0, '63': 1.0, '73': 2.0, '74': 1.0, '75': 1.0, '78': 1.0, '88': 2.0, '90': 1.0, '91': 1.0, '92': 2.0, '94': 2.0, '95': 1.0}, 'ratings': {'47': 6.0, '48': 5.9, '49': 5.91, '54': 6.04, '59': 6.05, '61': 6.03, '62': 6.06, '63': 6.24, '70': 6.14, '73': 6.25, '74': 6.35, '75': 6.44, '76': 6.59, '77': 6.56, '78': 6.56, '82': 6.46, '86': 6.49, '88': 6.49, '90': 6.67, '91': 6.67, '92': 6.68, '94': 6.66, '95': 6.66}, 'shotsTotal': {'61': 1.0}, 'shotsBlocked': {'61': 1.0}, 'touches': {'49': 2.0, '54': 3.0, '59': 1.0, '61': 2.0, '62': 1.0, '63': 1.0, '73': 6.0, '74': 1.0, '75': 1.0, '76': 3.0, '77': 1.0, '78': 1.0, '86': 1.0, '88': 2.0, '90': 2.0, '91': 1.0, '92': 2.0, '94': 3.0, '95': 1.0}, 'passesTotal': {'49': 2.0, '54': 1.0, '59': 1.0, '61': 1.0, '73': 2.0, '74': 1.0, '75': 1.0, '78': 1.0, '88': 2.0, '90': 1.0, '91': 1.0, '92': 2.0, '94': 2.0, '95': 1.0, '63': 1.0}, 'passesAccurate': {'49': 2.0, '54': 1.0, '59': 1.0, '61': 1.0, '73': 2.0, '74': 1.0, '75': 1.0, '78': 1.0, '88': 2.0, '90': 1.0, '91': 1.0, '92': 2.0, '94': 2.0, '95': 1.0}, 'passesKey': {'63': 1.0, '75': 1.0}, 'passSuccess': {'49': 100.0, '54': 100.0, '59': 100.0, '61': 100.0, '73': 100.0, '74': 100.0, '75': 100.0, '78': 100.0, '88': 100.0, '90': 100.0, '91': 100.0, '92': 100.0, '94': 100.0, '95': 100.0, '63': 0.0}, 'foulsCommited': {'61': 1.0}, 'dribblesWon': {'54': 1.0, '73': 1.0, '76': 1.0, '90': 1.0}, 'dribblesAttempted': {'54': 1.0, '73': 1.0, '76': 2.0, '90': 1.0}, 'dribblesLost': {'76': 1.0}, 'dribbleSuccess': {'54': 100.0, '73': 100.0, '76': 50.0, '90': 100.0}, 'dispossessed': {'54': 1.0, '73': 2.0, '94': 1.0}}",,,,"{'value': 2, 'displayName': 'SecondHalf'}",47.0,371027.0,839
400826,1,Luiz Junior,Sub,194,88,24,,False,away,{},,,,,,,839
345022,6,Manor Solomon,Sub,170,66,26,,False,away,{},,,,,,,839
428500,11,Ilias Akhomach,Sub,175,70,21,,False,away,{},,,,,,,839
422660,13,Diego Conde,Sub,188,78,26,,False,away,{},,,,,,,839
